sz000001,平安银行,12.28
sz000002,万  科Ａ,14.50
sz000004,国农科技,39.35
sz000005,世纪星源,10.34
sz000006,深振业Ａ,11.88
sz000007,零七股份,23.63
sz000008,神州高铁,12.85
sz000009,中国宝安,18.13
sz000010,深华新,9.71
sz000011,深物业A,14.88
sz000012,南  玻Ａ,10.80
sz000014,沙河股份,23.22
sz000016,深康佳Ａ,8.16
sz000017,深中华A,12.52
sz000018,中冠A,36.24
sz000019,深深宝Ａ,17.64
sz000020,深华发Ａ,25.05
sz000021,深科技,13.05
sz000022,深赤湾Ａ,20.12
sz000023,深天地Ａ,0.00
sz000024,招商地产,35.60
sz000025,特  力Ａ,66.21
sz000026,飞亚达Ａ,14.70
sz000027,深圳能源,11.41
sz000028,国药一致,0.00
sz000029,深深房Ａ,14.22
sz000030,富奥股份,10.22
sz000031,中粮地产,16.00
sz000032,深桑达Ａ,25.10
sz000033,,0
sz000034,深信泰丰,0.00
sz000035,中国天楹,16.10
sz000036,华联控股,8.38
sz000037,深南电Ａ,11.33
sz000038,深大通,54.09
sz000039,中集集团,20.32
sz000040,宝安地产,16.49
sz000042,中洲控股,20.43
sz000043,中航地产,12.63
sz000045,深纺织Ａ,13.71
sz000046,泛海控股,12.17
sz000048,康达尔,0.00
sz000049,德赛电池,52.75
sz000050,深天马Ａ,24.10
sz000055,方大集团,12.46
sz000056,皇庭国际,28.36
sz000058,深 赛 格,0.00
sz000059,*ST华锦,8.23
sz000060,中金岭南,12.86
sz000061,农 产 品,15.60
sz000062,深圳华强,41.06
sz000063,中兴通讯,19.02
sz000065,北方国际,0.00
sz000066,长城电脑,0.00
sz000068,*ST华赛,11.70
sz000069,华侨城Ａ,8.57
sz000070,特发信息,28.54
sz000078,海王生物,19.57
sz000088,盐 田 港,8.62
sz000089,深圳机场,8.42
sz000090,天健集团,20.00
sz000096,广聚能源,18.56
sz000099,中信海直,17.50
sz000100,TCL 集团,4.09
sz000150,宜华健康,37.97
sz000151,中成股份,27.82
sz000153,丰原药业,0.00
sz000155,*ST川化,8.55
sz000156,华数传媒,34.53
sz000157,中联重科,5.52
sz000158,常山股份,20.03
sz000159,国际实业,8.98
sz000166,申万宏源,11.66
sz000301,东方市场,6.38
sz000333,美的集团,28.50
sz000338,潍柴动力,10.21
sz000400,许继电气,20.35
sz000401,冀东水泥,11.51
sz000402,金 融 街,9.63
sz000403,ST生化,23.93
sz000404,华意压缩,9.02
sz000407,胜利股份,7.57
sz000408,金谷源,20.21
sz000409,山东地矿,9.96
sz000410,沈阳机床,27.48
sz000411,英特集团,27.17
sz000413,东旭光电,10.00
sz000415,渤海租赁,9.01
sz000416,民生控股,10.95
sz000417,合肥百货,10.16
sz000418,小天鹅Ａ,21.40
sz000419,通程控股,9.13
sz000420,吉林化纤,7.48
sz000421,南京中北,9.11
sz000422,湖北宜化,7.59
sz000423,东阿阿胶,48.23
sz000425,徐工机械,5.02
sz000426,兴业矿业,0.00
sz000428,华天酒店,10.05
sz000429,粤高速Ａ,6.70
sz000430,张家界,14.08
sz000488,晨鸣纸业,9.07
sz000498,山东路桥,7.31
sz000501,鄂武商Ａ,19.04
sz000502,绿景控股,29.23
sz000503,海虹控股,36.08
sz000504,南华生物,27.09
sz000505,珠江控股,11.68
sz000506,中润资源,9.48
sz000507,珠海港,8.03
sz000509,华塑控股,9.05
sz000510,*ST金路,7.94
sz000511,烯碳新材,0.00
sz000513,丽珠集团,49.65
sz000514,渝 开 发,0.00
sz000516,国际医学,20.35
sz000517,荣安地产,6.55
sz000518,四环生物,6.60
sz000519,江南红箭,0.00
sz000520,长航凤凰,0.00
sz000521,美菱电器,7.45
sz000523,广州浪奇,16.32
sz000524,岭南控股,19.66
sz000525,红 太 阳,18.09
sz000526,银润投资,79.53
sz000528,柳    工,8.98
sz000529,广弘控股,0.00
sz000530,大冷股份,16.50
sz000531,穗恒运Ａ,10.96
sz000532,力合股份,20.71
sz000533,万 家 乐,8.40
sz000534,万泽股份,0.00
sz000536,华映科技,15.97
sz000537,广宇发展,9.67
sz000538,云南白药,70.10
sz000539,粤电力Ａ,7.81
sz000540,中天城投,11.73
sz000541,佛山照明,13.11
sz000543,皖能电力,9.29
sz000544,中原环保,20.08
sz000545,金浦钛业,8.89
sz000546,金圆股份,11.90
sz000547,航天发展,24.28
sz000548,湖南投资,9.89
sz000550,江铃汽车,29.00
sz000551,创元科技,13.20
sz000552,靖远煤电,9.27
sz000553,沙隆达Ａ,0.00
sz000554,泰山石油,12.39
sz000555,神州信息,33.72
sz000557,*ST广夏,7.96
sz000558,莱茵体育,25.00
sz000559,万向钱潮,23.90
sz000560,昆百大Ａ,14.00
sz000561,烽火电子,11.42
sz000563,陕国投Ａ,12.79
sz000564,西安民生,12.90
sz000565,渝三峡Ａ,15.14
sz000566,海南海药,41.59
sz000567,海德股份,33.84
sz000568,泸州老窖,24.53
sz000570,苏常柴Ａ,10.97
sz000571,新大洲Ａ,7.47
sz000572,海马汽车,6.75
sz000573,粤宏远Ａ,7.60
sz000576,广东甘化,18.47
sz000581,威孚高科,25.48
sz000582,北部湾港,21.85
sz000584,友利控股,0.00
sz000585,东北电气,0.00
sz000586,汇源通信,0.00
sz000587,金叶珠宝,20.43
sz000589,黔轮胎Ａ,7.58
sz000590,*ST古汉,24.63
sz000591,桐 君 阁,0.00
sz000592,平潭发展,22.73
sz000593,大通燃气,11.94
sz000595,宝塔实业,0.00
sz000596,古井贡酒,34.00
sz000597,东北制药,9.51
sz000598,兴蓉环境,7.92
sz000599,青岛双星,8.80
sz000600,建投能源,10.70
sz000601,韶能股份,11.26
sz000603,盛达矿业,0.00
sz000605,渤海股份,23.20
sz000606,青海明胶,0.00
sz000607,华媒控股,13.93
sz000608,阳光股份,5.96
sz000609,绵世股份,16.06
sz000610,西安旅游,14.87
sz000611,*ST蒙发,9.72
sz000612,焦作万方,7.10
sz000613,大东海A,14.78
sz000615,湖北金环,17.19
sz000616,海航投资,8.64
sz000617,石油济柴,14.78
sz000619,海螺型材,15.34
sz000620,新华联,11.22
sz000622,恒立实业,14.29
sz000623,吉林敖东,30.57
sz000625,长安汽车,15.16
sz000626,如意集团,0.00
sz000627,天茂集团,11.03
sz000628,高新发展,16.86
sz000629,攀钢钒钛,3.16
sz000630,铜陵有色,4.08
sz000631,顺发恒业,9.10
sz000632,三木集团,10.75
sz000633,合金投资,17.14
sz000635,英 力 特,13.70
sz000636,风华高科,11.16
sz000637,茂化实华,7.86
sz000638,万方发展,24.30
sz000639,西王食品,15.21
sz000650,仁和药业,11.31
sz000651,格力电器,18.54
sz000652,泰达股份,7.06
sz000655,金岭矿业,9.42
sz000656,金科股份,6.10
sz000657,中钨高新,0.00
sz000659,*ST中富,5.56
sz000661,长春高新,117.14
sz000662,索芙特,21.21
sz000663,永安林业,17.54
sz000665,湖北广电,21.50
sz000666,经纬纺机,23.45
sz000667,美好集团,5.54
sz000668,荣丰控股,23.52
sz000669,金鸿能源,24.96
sz000670,盈方微,14.45
sz000671,阳 光 城,7.77
sz000672,上峰水泥,0.00
sz000673,当代东方,32.06
sz000676,智度投资,39.78
sz000677,*ST海龙,0.00
sz000678,襄阳轴承,9.67
sz000679,大连友谊,0.00
sz000680,山推股份,7.08
sz000681,视觉中国,38.95
sz000682,东方电子,7.15
sz000683,远兴能源,5.77
sz000685,中山公用,15.59
sz000686,东北证券,18.80
sz000687,华讯方舟,28.55
sz000688,建新矿业,0.00
sz000690,宝新能源,10.05
sz000691,亚太实业,9.02
sz000692,惠天热电,7.29
sz000693,华泽钴镍,17.85
sz000695,滨海能源,0.00
sz000697,炼石有色,26.32
sz000698,沈阳化工,8.08
sz000700,模塑科技,21.12
sz000701,厦门信达,21.98
sz000702,正虹科技,13.88
sz000703,恒逸石化,12.03
sz000705,浙江震元,14.71
sz000707,双环科技,8.34
sz000708,大冶特钢,11.67
sz000709,河北钢铁,3.36
sz000710,天兴仪表,30.46
sz000711,*ST京蓝,0.00
sz000712,锦龙股份,31.62
sz000713,丰乐种业,12.25
sz000715,中兴商业,13.20
sz000716,黑芝麻,0.00
sz000717,韶钢松山,5.13
sz000718,苏宁环球,0.00
sz000719,大地传媒,22.27
sz000720,新能泰山,9.89
sz000721,西安饮食,8.45
sz000722,湖南发展,21.27
sz000723,美锦能源,11.10
sz000725,京东方Ａ,3.09
sz000726,鲁  泰Ａ,12.89
sz000727,华东科技,10.43
sz000728,国元证券,25.18
sz000729,燕京啤酒,8.42
sz000731,四川美丰,10.47
sz000732,泰禾集团,23.82
sz000733,振华科技,26.75
sz000735,罗 牛 山,7.50
sz000736,中房地产,18.60
sz000737,南风化工,6.39
sz000738,中航动控,37.25
sz000739,普洛药业,8.27
sz000748,长城信息,0.00
sz000750,国海证券,13.53
sz000751,锌业股份,6.30
sz000752,西藏发展,16.69
sz000753,漳州发展,6.84
sz000755,山西三维,9.56
sz000756,新华制药,12.52
sz000757,浩物股份,12.02
sz000758,中色股份,15.76
sz000759,中百集团,8.13
sz000760,斯太尔,16.20
sz000761,本钢板材,5.36
sz000762,西藏矿业,27.56
sz000766,通化金马,14.71
sz000767,漳泽电力,6.32
sz000768,中航飞机,27.20
sz000776,广发证券,19.39
sz000777,中核科技,34.93
sz000778,新兴铸管,7.89
sz000779,三毛派神,0.00
sz000780,平庄能源,5.94
sz000782,美达股份,17.67
sz000783,长江证券,12.80
sz000785,武汉中商,14.25
sz000786,北新建材,13.58
sz000788,北大医药,16.00
sz000789,万年青,8.04
sz000790,华神集团,13.80
sz000791,甘肃电投,15.69
sz000792,盐湖股份,23.71
sz000793,华闻传媒,0.00
sz000795,太原刚玉,0.00
sz000796,凯撒旅游,0.00
sz000797,中国武夷,24.49
sz000798,中水渔业,12.92
sz000799,*ST酒鬼,16.84
sz000800,一汽轿车,16.51
sz000801,四川九洲,32.14
sz000802,北京文化,31.11
sz000803,金宇车城,24.52
sz000806,银河生物,30.22
sz000807,云铝股份,5.44
sz000809,铁岭新城,5.68
sz000810,创维数字,0.00
sz000811,烟台冰轮,15.11
sz000812,陕西金叶,0.00
sz000813,天山纺织,0.00
sz000815,*ST美利,25.72
sz000816,智慧农业,8.76
sz000818,方大化工,9.23
sz000819,岳阳兴长,39.28
sz000820,金城股份,19.33
sz000821,京山轻机,16.84
sz000822,山东海化,7.18
sz000823,超声电子,12.20
sz000825,太钢不锈,4.32
sz000826,启迪桑德,40.84
sz000828,东莞控股,12.99
sz000829,天音控股,0.00
sz000830,鲁西化工,7.22
sz000831,五矿稀土,22.98
sz000833,贵糖股份,0.00
sz000835,长城动漫,17.53
sz000836,鑫茂科技,0.00
sz000837,秦川机床,16.81
sz000838,财信发展,22.31
sz000839,中信国安,0.00
sz000848,承德露露,14.68
sz000850,华茂股份,0.00
sz000851,高鸿股份,0.00
sz000852,石化机械,19.85
sz000856,冀东装备,12.70
sz000858,五 粮 液,25.28
sz000859,国风塑业,6.64
sz000860,顺鑫农业,18.93
sz000861,海印股份,9.08
sz000862,银星能源,9.42
sz000863,三湘股份,14.21
sz000868,安凯客车,10.46
sz000869,张  裕Ａ,38.82
sz000875,吉电股份,9.77
sz000876,新 希 望,0.00
sz000877,天山股份,8.93
sz000878,云南铜业,12.15
sz000880,潍柴重机,16.57
sz000881,大连国际,0.00
sz000882,华联股份,6.53
sz000883,湖北能源,6.67
sz000885,同力水泥,17.60
sz000886,海南高速,6.85
sz000887,中鼎股份,25.37
sz000888,峨眉山Ａ,12.70
sz000889,茂业通信,16.38
sz000890,法 尔 胜,14.84
sz000892,*ST星美,17.63
sz000893,东凌粮油,15.05
sz000895,双汇发展,19.95
sz000897,津滨发展,5.91
sz000898,鞍钢股份,4.82
sz000899,赣能股份,12.69
sz000900,现代投资,8.60
sz000901,航天科技,0.00
sz000902,新洋丰,25.34
sz000903,云内动力,8.69
sz000905,厦门港务,14.42
sz000906,物产中拓,16.50
sz000908,景峰医药,18.70
sz000909,数源科技,19.10
sz000910,大亚科技,15.89
sz000911,南宁糖业,20.57
sz000912,*ST天化,7.02
sz000913,钱江摩托,13.53
sz000915,山大华特,37.19
sz000916,华北高速,5.97
sz000917,电广传媒,30.25
sz000918,嘉凯城,5.77
sz000919,金陵药业,17.60
sz000920,南方汇通,20.07
sz000921,海信科龙,8.99
sz000922,佳电股份,14.32
sz000923,河北宣工,19.05
sz000925,众合科技,0.00
sz000926,福星股份,14.85
sz000927,*ST夏利,8.00
sz000928,中钢国际,16.79
sz000929,兰州黄河,0.00
sz000930,中粮生化,17.91
sz000931,中 关 村,12.71
sz000932,华菱钢铁,3.11
sz000933,神火股份,4.78
sz000935,四川双马,7.32
sz000936,华西股份,14.15
sz000937,冀中能源,5.47
sz000938,紫光股份,110.10
sz000939,凯迪生态,16.03
sz000948,南天信息,28.90
sz000949,新乡化纤,5.60
sz000950,建峰化工,8.88
sz000951,中国重汽,16.63
sz000952,广济药业,17.26
sz000953,河池化工,16.17
sz000955,欣龙控股,8.95
sz000957,中通客车,22.17
sz000958,东方能源,0.00
sz000959,首钢股份,3.72
sz000960,锡业股份,12.67
sz000961,中南建设,16.28
sz000962,东方钽业,13.72
sz000963,华东医药,77.36
sz000965,天保基建,6.74
sz000966,长源电力,14.76
sz000967,上风高科,24.20
sz000968,煤 气 化,7.67
sz000969,安泰科技,13.12
sz000970,中科三环,15.75
sz000971,高升控股,0.00
sz000972,新中基,0.00
sz000973,佛塑科技,11.43
sz000975,银泰资源,13.02
sz000976,*ST春晖,8.91
sz000977,浪潮信息,30.98
sz000978,桂林旅游,11.72
sz000979,中弘股份,5.31
sz000980,金马股份,0.00
sz000981,银亿股份,0.00
sz000982,中银绒业,0.00
sz000983,西山煤电,6.20
sz000985,大庆华科,23.78
sz000987,广州友谊,26.63
sz000988,华工科技,18.18
sz000989,九 芝 堂,29.48
sz000990,诚志股份,28.39
sz000993,闽东电力,10.80
sz000995,*ST皇台,12.40
sz000996,中国中期,30.35
sz000997,新 大 陆,24.90
sz000998,隆平高科,21.70
sz000999,华润三九,27.16
sz002001,新 和 成,16.15
sz002002,鸿达兴业,27.28
sz002003,伟星股份,16.12
sz002004,华邦健康,14.34
sz002005,德豪润达,10.38
sz002006,精功科技,14.96
sz002007,华兰生物,42.80
sz002008,大族激光,25.77
sz002009,天奇股份,20.25
sz002010,传化股份,24.04
sz002011,盾安环境,15.22
sz002012,凯恩股份,8.91
sz002013,中航机电,24.10
sz002014,永新股份,20.28
sz002015,*ST霞客,0.00
sz002016,世荣兆业,13.77
sz002017,东信和平,18.01
sz002018,华信国际,0.00
sz002019,亿帆鑫富,31.31
sz002020,京新药业,30.20
sz002021,中捷资源,12.29
sz002022,科华生物,31.36
sz002023,海特高新,21.33
sz002024,苏宁云商,15.12
sz002025,航天电器,28.36
sz002026,山东威达,0.00
sz002027,七喜控股,52.72
sz002028,思源电气,16.65
sz002029,七 匹 狼,13.51
sz002030,达安基因,43.21
sz002031,巨轮智能,14.33
sz002032,苏 泊 尔,25.90
sz002033,丽江旅游,14.69
sz002034,美 欣 达,41.76
sz002035,华帝股份,17.00
sz002036,汉麻产业,29.74
sz002037,久联发展,27.09
sz002038,双鹭药业,34.41
sz002039,黔源电力,18.34
sz002040,南 京 港,0.00
sz002041,登海种业,17.74
sz002042,华孚色纺,12.53
sz002043,兔 宝 宝,15.85
sz002044,江苏三友,0.00
sz002045,国光电器,16.48
sz002046,轴研科技,12.32
sz002047,宝鹰股份,11.83
sz002048,宁波华翔,0.00
sz002049,同方国芯,64.30
sz002050,三花股份,10.05
sz002051,中工国际,23.85
sz002052,同洲电子,14.15
sz002053,云南盐化,0.00
sz002054,德美化工,13.60
sz002055,得润电子,0.00
sz002056,横店东磁,26.86
sz002057,中钢天源,16.78
sz002058,威 尔 泰,24.98
sz002059,云南旅游,11.82
sz002060,粤 水 电,9.37
sz002061,江山化工,0.00
sz002062,宏润建设,10.68
sz002063,远光软件,23.06
sz002064,华峰氨纶,7.07
sz002065,东华软件,23.96
sz002066,瑞泰科技,22.74
sz002067,景兴纸业,11.77
sz002068,黑猫股份,8.22
sz002069,獐 子 岛,0.00
sz002070,众和股份,0.00
sz002071,长城影视,19.80
sz002072,凯瑞德,23.49
sz002073,软控股份,17.86
sz002074,国轩高科,39.92
sz002075,沙钢股份,0.00
sz002076,雪 莱 特,17.87
sz002077,大港股份,0.00
sz002078,太阳纸业,5.95
sz002079,苏州固锝,10.59
sz002080,中材科技,22.83
sz002081,金 螳 螂,17.83
sz002082,栋梁新材,0.00
sz002083,孚日股份,7.32
sz002084,海鸥卫浴,13.26
sz002085,万丰奥威,32.66
sz002086,东方海洋,24.19
sz002087,新野纺织,8.36
sz002088,鲁阳节能,16.65
sz002089,新 海 宜,17.82
sz002090,金智科技,33.29
sz002091,江苏国泰,0.00
sz002092,中泰化学,0.00
sz002093,国脉科技,15.02
sz002094,青岛金王,0.00
sz002095,生 意 宝,85.42
sz002096,南岭民爆,23.71
sz002097,山河智能,11.58
sz002098,浔兴股份,16.50
sz002099,海翔药业,21.22
sz002100,天康生物,10.66
sz002101,广东鸿图,25.18
sz002102,冠福股份,0.00
sz002103,广博股份,0.00
sz002104,恒宝股份,20.52
sz002105,信隆实业,9.61
sz002106,莱宝高科,14.91
sz002107,沃华医药,29.16
sz002108,沧州明珠,19.88
sz002109,兴化股份,0.00
sz002110,三钢闽光,7.54
sz002111,威海广泰,36.53
sz002112,三变科技,0.00
sz002113,天润控股,31.00
sz002114,罗平锌电,19.85
sz002115,三维通信,14.32
sz002116,中国海诚,20.25
sz002117,东港股份,40.98
sz002118,紫鑫药业,20.98
sz002119,康强电子,21.46
sz002120,新海股份,22.86
sz002121,科陆电子,28.83
sz002122,天马股份,8.28
sz002123,荣信股份,23.28
sz002124,天邦股份,28.03
sz002125,湘潭电化,21.47
sz002126,银轮股份,0.00
sz002127,新民科技,0.00
sz002128,露天煤业,10.30
sz002129,中环股份,14.97
sz002130,沃尔核材,24.14
sz002131,利欧股份,0.00
sz002132,恒星科技,7.53
sz002133,广宇集团,9.06
sz002134,天津普林,14.53
sz002135,东南网架,11.95
sz002136,安 纳 达,15.46
sz002137,实 益 达,17.64
sz002138,顺络电子,15.70
sz002139,拓邦股份,24.10
sz002140,东华科技,20.60
sz002141,蓉胜超微,30.50
sz002142,宁波银行,14.85
sz002143,印纪传媒,33.95
sz002144,宏达高科,29.48
sz002145,中核钛白,14.15
sz002146,荣盛发展,10.75
sz002147,方圆支承,0.00
sz002148,北纬通信,20.87
sz002149,西部材料,21.80
sz002150,通润装备,0.00
sz002151,北斗星通,55.27
sz002152,广电运通,32.01
sz002153,石基信息,132.18
sz002154,报 喜 鸟,8.23
sz002155,湖南黄金,8.82
sz002156,通富微电,19.49
sz002157,正邦科技,22.54
sz002158,汉钟精机,21.08
sz002159,三特索道,31.99
sz002160,常铝股份,12.02
sz002161,远 望 谷,24.55
sz002162,悦心健康,15.39
sz002163,中航三鑫,10.31
sz002164,宁波东力,9.25
sz002165,红 宝 丽,8.16
sz002166,莱茵生物,15.75
sz002167,东方锆业,10.38
sz002168,深圳惠程,11.41
sz002169,智光电气,24.52
sz002170,芭田股份,13.58
sz002171,楚江新材,22.82
sz002172,澳洋科技,16.25
sz002173,千足珍珠,23.82
sz002174,游族网络,0.00
sz002175,东方网络,62.16
sz002176,江特电机,16.89
sz002177,御银股份,11.24
sz002178,延华智能,15.51
sz002179,中航光电,40.86
sz002180,艾派克,47.60
sz002181,粤 传 媒,14.05
sz002182,云海金属,13.70
sz002183,怡 亚 通,49.77
sz002184,海得控制,38.82
sz002185,华天科技,19.48
sz002186,全 聚 德,21.70
sz002187,广百股份,16.28
sz002188,新 嘉 联,36.79
sz002189,利达光电,38.60
sz002190,成飞集成,41.77
sz002191,劲嘉股份,0.00
sz002192,*ST融捷,39.30
sz002193,山东如意,17.86
sz002194,武汉凡谷,15.57
sz002195,二三四五,37.78
sz002196,方正电机,32.50
sz002197,证通电子,27.39
sz002198,嘉应制药,10.33
sz002199,东晶电子,14.92
sz002200,云投生态,21.41
sz002201,九鼎新材,0.00
sz002202,金风科技,16.25
sz002203,海亮股份,0.00
sz002204,大连重工,10.24
sz002205,国统股份,31.16
sz002206,海 利 得,15.48
sz002207,准油股份,19.26
sz002208,合肥城建,20.66
sz002209,达 意 隆,0.00
sz002210,飞马国际,0.00
sz002211,宏达新材,11.50
sz002212,南洋股份,13.63
sz002213,特 尔 佳,17.12
sz002214,大立科技,14.80
sz002215,诺 普 信,17.57
sz002216,三全食品,11.51
sz002217,合力泰,18.50
sz002218,拓日新能,10.90
sz002219,恒康医疗,0.00
sz002220,天宝股份,11.36
sz002221,东华能源,30.24
sz002222,福晶科技,23.78
sz002223,鱼跃医疗,42.79
sz002224,三 力 士,15.39
sz002225,濮耐股份,8.00
sz002226,江南化工,9.53
sz002227,奥 特 迅,45.09
sz002228,合兴包装,0.00
sz002229,鸿博股份,26.42
sz002230,科大讯飞,38.19
sz002231,奥维通信,17.70
sz002232,启明信息,17.93
sz002233,塔牌集团,11.38
sz002234,民和股份,15.93
sz002235,安妮股份,0.00
sz002236,大华股份,36.36
sz002237,恒邦股份,10.27
sz002238,天威视讯,25.86
sz002239,奥特佳,0.00
sz002240,威华股份,11.84
sz002241,歌尔声学,33.91
sz002242,九阳股份,24.46
sz002243,通产丽星,14.16
sz002244,滨江集团,8.30
sz002245,澳洋顺昌,7.98
sz002246,北化股份,0.00
sz002247,帝龙新材,0.00
sz002248,华东数控,0.00
sz002249,大洋电机,12.95
sz002250,联化科技,19.68
sz002251,步 步 高,18.24
sz002252,上海莱士,45.50
sz002253,川大智胜,55.40
sz002254,泰和新材,16.80
sz002255,海陆重工,11.06
sz002256,彩虹精化,27.60
sz002258,利尔化学,25.80
sz002259,升达林业,10.35
sz002260,德奥通航,43.15
sz002261,拓维信息,40.16
sz002262,恩华药业,29.10
sz002263,大 东 南,10.08
sz002264,新 华 都,8.05
sz002265,西仪股份,0.00
sz002266,浙富控股,8.91
sz002267,陕天然气,13.20
sz002268,卫 士 通,60.85
sz002269,美邦服饰,7.01
sz002270,法因数控,20.10
sz002271,东方雨虹,19.90
sz002272,川润股份,9.12
sz002273,水晶光电,38.36
sz002274,华昌化工,11.93
sz002275,桂林三金,22.85
sz002276,万马股份,32.33
sz002277,友阿股份,14.60
sz002278,神开股份,19.74
sz002279,久其软件,63.81
sz002280,联络互动,68.32
sz002281,光迅科技,60.93
sz002282,博深工具,13.49
sz002283,天润曲轴,20.68
sz002284,亚太股份,14.27
sz002285,世联行,17.51
sz002286,保龄宝,0.00
sz002287,奇正藏药,31.64
sz002288,超华科技,12.33
sz002289,宇顺电子,0.00
sz002290,禾盛新材,38.43
sz002291,星期六,15.67
sz002292,奥飞动漫,39.15
sz002293,罗莱家纺,18.69
sz002294,信立泰,29.56
sz002295,精艺股份,17.54
sz002296,辉煌科技,20.82
sz002297,博云新材,15.13
sz002298,鑫龙电器,19.25
sz002299,圣农发展,20.46
sz002300,太阳电缆,12.02
sz002301,齐心集团,25.60
sz002302,西部建设,19.19
sz002303,美盈森,0.00
sz002304,洋河股份,63.99
sz002305,南国置业,6.56
sz002306,*ST云网,0.00
sz002307,北新路桥,12.84
sz002308,威创股份,23.09
sz002309,中利科技,0.00
sz002310,东方园林,0.00
sz002311,海大集团,14.02
sz002312,三泰控股,31.73
sz002313,日海通讯,0.00
sz002314,南山控股,10.04
sz002315,焦点科技,104.00
sz002316,键桥通讯,22.42
sz002317,众生药业,13.97
sz002318,久立特材,16.77
sz002319,乐通股份,17.27
sz002320,海峡股份,0.00
sz002321,华英农业,11.61
sz002322,理工监测,25.20
sz002323,雅百特,0.00
sz002324,普利特,29.64
sz002325,洪涛股份,17.85
sz002326,永太科技,22.05
sz002327,富安娜,11.46
sz002328,新朋股份,11.89
sz002329,皇氏集团,23.88
sz002330,得利斯,16.87
sz002331,皖通科技,25.17
sz002332,仙琚制药,14.42
sz002333,罗普斯金,19.47
sz002334,英威腾,12.67
sz002335,科华恒盛,34.52
sz002336,人人乐,13.38
sz002337,赛象科技,11.35
sz002338,奥普光电,68.69
sz002339,积成电子,26.52
sz002340,格林美,15.63
sz002341,新纶科技,0.00
sz002342,巨力索具,7.70
sz002343,禾欣股份,68.63
sz002344,海宁皮城,15.90
sz002345,潮宏基,14.50
sz002346,柘中股份,17.19
sz002347,泰尔重工,21.22
sz002348,高乐股份,19.76
sz002349,精华制药,37.17
sz002350,北京科锐,19.24
sz002351,漫步者,28.05
sz002352,鼎泰新材,29.79
sz002353,杰瑞股份,28.11
sz002354,天神娱乐,102.15
sz002355,兴民钢圈,18.34
sz002356,浩宁达,31.80
sz002357,富临运业,16.68
sz002358,森源电气,20.14
sz002359,齐星铁塔,31.01
sz002360,同德化工,13.85
sz002361,神剑股份,19.46
sz002362,汉王科技,33.35
sz002363,隆基机械,20.50
sz002364,中恒电气,30.43
sz002365,永安药业,19.26
sz002366,台海核电,67.30
sz002367,康力电梯,19.19
sz002368,太极股份,0.00
sz002369,卓翼科技,15.16
sz002370,亚太药业,34.30
sz002371,七星电子,0.00
sz002372,伟星新材,18.32
sz002373,千方科技,51.28
sz002374,丽鹏股份,17.90
sz002375,亚厦股份,16.88
sz002376,新北洋,16.08
sz002377,国创高新,9.83
sz002378,章源钨业,11.96
sz002379,鲁丰环保,0.00
sz002380,科远股份,35.90
sz002381,双箭股份,18.77
sz002382,蓝帆医疗,31.00
sz002383,合众思壮,42.40
sz002384,东山精密,0.00
sz002385,大北农,13.06
sz002386,天原集团,7.13
sz002387,黑牛食品,18.03
sz002388,新亚制程,11.98
sz002389,南洋科技,20.53
sz002390,信邦制药,0.00
sz002391,长青股份,17.23
sz002392,北京利尔,9.00
sz002393,力生制药,47.75
sz002394,联发股份,15.14
sz002395,双象股份,23.17
sz002396,星网锐捷,23.39
sz002397,梦洁家纺,10.91
sz002398,建研集团,18.03
sz002399,海普瑞,31.98
sz002400,省广股份,25.40
sz002401,中海科技,0.00
sz002402,和而泰,23.41
sz002403,爱仕达,15.35
sz002404,嘉欣丝绸,10.35
sz002405,四维图新,43.91
sz002406,远东传动,10.05
sz002407,多氟多,60.50
sz002408,齐翔腾达,13.81
sz002409,雅克科技,0.00
sz002410,广联达,20.58
sz002411,九九久,17.08
sz002412,汉森制药,0.00
sz002413,雷科防务,54.57
sz002414,高德红外,30.35
sz002415,海康威视,35.89
sz002416,爱施德,19.30
sz002417,*ST元达,18.51
sz002418,康盛股份,0.00
sz002419,天虹商场,13.33
sz002420,毅昌股份,10.17
sz002421,达实智能,20.44
sz002422,科伦药业,17.53
sz002423,中原特钢,16.32
sz002424,贵州百灵,29.60
sz002425,凯撒股份,27.19
sz002426,胜利精密,24.68
sz002427,尤夫股份,18.91
sz002428,云南锗业,16.90
sz002429,兆驰股份,13.03
sz002430,杭氧股份,10.69
sz002431,棕榈园林,0.00
sz002432,九安医疗,31.27
sz002433,太安堂,16.25
sz002434,万里扬,23.05
sz002435,长江润发,0.00
sz002436,兴森科技,20.92
sz002437,誉衡药业,33.90
sz002438,江苏神通,23.33
sz002439,启明星辰,35.54
sz002440,闰土股份,18.79
sz002441,众业达,23.30
sz002442,龙星化工,12.86
sz002443,金洲管道,0.00
sz002444,巨星科技,18.50
sz002445,中南重工,27.60
sz002446,盛路通信,32.73
sz002447,壹桥海参,11.09
sz002448,中原内配,13.18
sz002449,国星光电,15.32
sz002450,康得新,34.68
sz002451,摩恩电气,14.07
sz002452,长高集团,0.00
sz002453,天马精化,0.00
sz002454,松芝股份,18.80
sz002455,百川股份,12.25
sz002456,欧菲光,28.98
sz002457,青龙管业,14.18
sz002458,益生股份,28.78
sz002459,天业通联,17.36
sz002460,赣锋锂业,47.83
sz002461,珠江啤酒,14.17
sz002462,嘉事堂,46.57
sz002463,沪电股份,6.56
sz002464,金利科技,75.82
sz002465,海格通信,17.60
sz002466,天齐锂业,154.83
sz002467,二六三,16.33
sz002468,艾迪西,0.00
sz002469,三维工程,17.35
sz002470,金正大,20.82
sz002471,中超控股,11.68
sz002472,双环传动,30.00
sz002473,圣莱达,0.00
sz002474,榕基软件,20.29
sz002475,立讯精密,0.00
sz002476,宝莫股份,9.34
sz002477,雏鹰农牧,17.65
sz002478,常宝股份,14.16
sz002479,富春环保,14.26
sz002480,新筑股份,13.58
sz002481,双塔食品,0.00
sz002482,广田股份,26.38
sz002483,润邦股份,0.00
sz002484,江海股份,24.70
sz002485,希努尔,0.00
sz002486,嘉麟杰,6.87
sz002487,大金重工,14.15
sz002488,金固股份,27.50
sz002489,浙江永强,12.40
sz002490,山东墨龙,10.71
sz002491,通鼎互联,18.46
sz002492,恒基达鑫,15.14
sz002493,荣盛石化,14.59
sz002494,华斯股份,22.49
sz002495,佳隆股份,7.49
sz002496,辉丰股份,24.72
sz002497,雅化集团,9.72
sz002498,汉缆股份,8.61
sz002499,科林环保,27.94
sz002500,山西证券,16.28
sz002501,利源精制,12.86
sz002502,骅威股份,0.00
sz002503,搜于特,16.37
sz002504,弘高创意,29.40
sz002505,大康牧业,7.37
sz002506,协鑫集成,14.47
sz002507,涪陵榨菜,20.38
sz002508,老板电器,39.98
sz002509,天广消防,17.88
sz002510,天汽模,14.71
sz002511,中顺洁柔,11.00
sz002512,达华智能,21.97
sz002513,蓝丰生化,18.18
sz002514,宝馨科技,0.00
sz002515,金字火腿,21.30
sz002516,旷达科技,15.16
sz002517,泰亚股份,59.20
sz002518,科士达,35.52
sz002519,银河电子,26.15
sz002520,日发精机,27.14
sz002521,齐峰新材,12.17
sz002522,浙江众成,19.85
sz002523,天桥起重,9.12
sz002524,光正集团,8.64
sz002526,山东矿机,11.43
sz002527,新时达,26.20
sz002528,英飞拓,15.02
sz002529,海源机械,27.99
sz002530,丰东股份,0.00
sz002531,天顺风能,13.79
sz002532,新界泵业,16.00
sz002533,金杯电工,9.95
sz002534,杭锅股份,16.58
sz002535,林州重机,12.79
sz002536,西泵股份,64.74
sz002537,海立美达,0.00
sz002538,司尔特,13.57
sz002539,新都化工,14.88
sz002540,亚太科技,10.38
sz002541,鸿路钢构,0.00
sz002542,中化岩土,13.26
sz002543,万和电气,18.13
sz002544,杰赛科技,0.00
sz002545,东方铁塔,0.00
sz002546,新联电子,26.99
sz002547,春兴精工,13.11
sz002548,金新农,17.99
sz002549,凯美特气,14.33
sz002550,千红制药,23.30
sz002551,尚荣医疗,29.87
sz002552,宝鼎重工,18.31
sz002553,南方轴承,14.55
sz002554,惠博普,13.39
sz002555,顺荣三七,57.16
sz002556,辉隆股份,20.02
sz002557,洽洽食品,18.05
sz002558,世纪游轮,82.10
sz002559,亚威股份,17.95
sz002560,通达股份,34.50
sz002561,徐家汇,15.70
sz002562,兄弟科技,23.81
sz002563,森马服饰,13.43
sz002564,天沃科技,10.50
sz002565,上海绿新,10.57
sz002566,益盛药业,17.00
sz002567,唐人神,0.00
sz002568,百润股份,49.74
sz002569,步森股份,30.40
sz002570,贝因美,15.96
sz002571,德力股份,17.00
sz002572,索菲亚,40.29
sz002573,清新环境,23.58
sz002574,明牌珠宝,17.31
sz002575,群兴玩具,0.00
sz002576,通达动力,28.21
sz002577,雷柏科技,60.90
sz002578,闽发铝业,9.85
sz002579,中京电子,15.14
sz002580,圣阳股份,19.32
sz002581,未名医药,34.23
sz002582,好想你,0.00
sz002583,海能达,12.39
sz002584,西陇化工,45.60
sz002585,双星新材,12.52
sz002586,围海股份,8.85
sz002587,奥拓电子,16.18
sz002588,史丹利,32.36
sz002589,瑞康医药,39.55
sz002590,万安科技,18.61
sz002591,恒大高新,14.43
sz002592,八菱科技,44.41
sz002593,日上集团,33.54
sz002594,比亚迪,64.51
sz002595,豪迈科技,23.20
sz002596,海南瑞泽,25.90
sz002597,金禾实业,12.42
sz002598,山东章鼓,12.07
sz002599,盛通股份,35.65
sz002600,江粉磁材,10.91
sz002601,佰利联,35.50
sz002602,世纪华通,0.00
sz002603,以岭药业,0.00
sz002604,龙力生物,0.00
sz002605,姚记扑克,0.00
sz002606,大连电瓷,17.15
sz002607,亚夏汽车,14.15
sz002608,*ST舜船,0.00
sz002609,捷顺科技,22.82
sz002610,爱康科技,13.52
sz002611,东方精工,15.39
sz002612,朗姿股份,55.31
sz002613,北玻股份,7.82
sz002614,蒙发利,19.26
sz002615,哈尔斯,21.37
sz002616,长青集团,26.75
sz002617,露笑科技,21.98
sz002618,丹邦科技,42.70
sz002619,巨龙管业,0.00
sz002620,瑞和股份,41.90
sz002621,三垒股份,23.20
sz002622,永大集团,0.00
sz002623,亚玛顿,44.65
sz002624,完美环球,0.00
sz002625,龙生股份,70.64
sz002626,金达威,13.73
sz002627,宜昌交运,26.20
sz002628,成都路桥,7.50
sz002629,仁智油服,0.00
sz002630,华西能源,13.58
sz002631,德尔未来,26.28
sz002632,道明光学,20.49
sz002633,*ST申科,0.00
sz002634,棒杰股份,36.48
sz002635,安洁科技,27.48
sz002636,金安国纪,0.00
sz002637,赞宇科技,24.04
sz002638,勤上光电,0.00
sz002639,雪人股份,0.00
sz002640,跨境通,36.25
sz002641,永高股份,10.40
sz002642,荣之联,50.55
sz002643,万润股份,35.15
sz002644,佛慈制药,18.00
sz002645,华宏科技,23.06
sz002646,青青稞酒,23.36
sz002647,宏磊股份,0.00
sz002648,卫星石化,10.90
sz002649,博彦科技,58.68
sz002650,加加食品,7.43
sz002651,利君股份,15.52
sz002652,扬子新材,0.00
sz002653,海思科,23.25
sz002654,万润科技,36.16
sz002655,共达电声,0.00
sz002656,卡奴迪路,22.24
sz002657,中科金财,94.64
sz002658,雪迪龙,28.44
sz002659,中泰桥梁,27.10
sz002660,茂硕电源,14.58
sz002661,克明面业,53.35
sz002662,京威股份,16.19
sz002663,普邦园林,8.92
sz002664,信质电机,30.95
sz002665,首航节能,0.00
sz002666,德联集团,12.70
sz002667,鞍重股份,0.00
sz002668,奥马电器,107.50
sz002669,康达新材,30.61
sz002670,华声股份,40.88
sz002671,龙泉股份,19.23
sz002672,东江环保,21.37
sz002673,西部证券,38.63
sz002674,兴业科技,17.15
sz002675,东诚药业,47.81
sz002676,顺威股份,39.14
sz002677,浙江美大,23.10
sz002678,珠江钢琴,16.00
sz002679,福建金森,23.51
sz002680,黄海机械,45.00
sz002681,奋达科技,45.31
sz002682,龙洲股份,16.84
sz002683,宏大爆破,0.00
sz002684,猛狮科技,29.53
sz002685,华东重机,10.41
sz002686,亿利达,18.58
sz002687,乔治白,13.72
sz002688,金河生物,21.53
sz002689,博林特,11.86
sz002690,美亚光电,34.46
sz002691,冀凯股份,20.48
sz002692,远程电缆,18.96
sz002693,双成药业,14.99
sz002694,顾地科技,14.70
sz002695,煌上煌,37.17
sz002696,百洋股份,22.65
sz002697,红旗连锁,8.21
sz002698,博实股份,34.58
sz002699,美盛文化,52.80
sz002700,新疆浩源,14.69
sz002701,奥瑞金,29.78
sz002702,海欣食品,29.08
sz002703,浙江世宝,39.93
sz002705,新宝股份,20.18
sz002706,良信电器,67.00
sz002707,众信旅游,0.00
sz002708,光洋股份,20.11
sz002709,天赐材料,71.38
sz002711,欧浦智网,34.45
sz002712,思美传媒,106.99
sz002713,东易日盛,29.70
sz002714,牧原股份,57.94
sz002715,登云股份,36.05
sz002716,金贵银业,13.27
sz002717,岭南园林,31.06
sz002718,友邦吊顶,60.19
sz002719,麦趣尔,0.00
sz002721,金一文化,0.00
sz002722,金轮股份,36.55
sz002723,金莱特,25.58
sz002724,海洋王,26.98
sz002725,跃岭股份,23.65
sz002726,龙大肉食,15.58
sz002727,一心堂,65.80
sz002728,台城制药,31.62
sz002729,好利来,64.75
sz002730,电光科技,0.00
sz002731,萃华珠宝,33.39
sz002732,燕塘乳业,38.09
sz002733,雄韬股份,23.79
sz002734,利民股份,35.50
sz002735,王子新材,46.39
sz002736,国信证券,21.85
sz002737,葵花药业,52.16
sz002738,中矿资源,40.63
sz002739,万达院线,106.50
sz002740,爱迪尔,51.41
sz002741,光华科技,40.97
sz002742,三圣特材,38.25
sz002743,富煌钢构,33.90
sz002745,木林森,41.54
sz002746,仙坛股份,38.77
sz002747,埃斯顿,77.00
sz002748,世龙实业,36.60
sz002749,国光股份,107.37
sz002750,龙津药业,47.34
sz002751,易尚展示,148.25
sz002752,昇兴股份,38.10
sz002753,永东股份,46.19
sz002755,东方新星,42.35
sz002756,永兴特钢,56.65
sz002757,南兴装备,52.03
sz002758,华通医药,103.38
sz002759,天际股份,45.50
sz002760,凤形股份,49.40
sz002761,多喜爱,38.75
sz002762,金发拉比,79.73
sz002763,汇洁股份,44.12
sz002765,蓝黛传动,32.92
sz002766,索菱股份,42.72
sz002767,先锋电子,46.36
sz002768,国恩股份,62.56
sz002769,普路通,95.14
sz002770,科迪乳业,0.00
sz002771,真视通,128.01
sz002772,众兴菌业,47.20
sz002773,康弘药业,90.10
sz002775,文科园林,60.44
sz002776,柏堡龙,69.85
sz300001,特锐德,31.700
sz300002,神州泰岳,13.920
sz300003,乐普医疗,40.560
sz300004,南风股份,29.110
sz300005,探路者,25.710
sz300006,莱美药业,34.090
sz300007,汉威电子,35.540
sz300008,上海佳豪,25.050
sz300009,安科生物,35.430
sz300010,立思辰,37.310
sz300011,鼎汉技术,31.720
sz300012,华测检测,28.550
sz300013,新宁物流,22.880
sz300014,亿纬锂能,31.210
sz300015,爱尔眼科,31.560
sz300016,北陆药业,0.000
sz300017,网宿科技,60.700
sz300018,中元华电,35.990
sz300019,硅宝科技,17.580
sz300020,银江股份,0.000
sz300021,大禹节水,16.600
sz300022,吉峰农机,10.620
sz300023,宝德股份,35.680
sz300024,机器人,83.600
sz300025,华星创业,30.410
sz300026,红日药业,20.610
sz300027,华谊兄弟,41.070
sz300028,金亚科技,0.000
sz300029,天龙光电,14.220
sz300030,阳普医疗,0.000
sz300031,宝通科技,32.400
sz300032,金龙机电,30.180
sz300033,同花顺,83.010
sz300034,钢研高纳,29.730
sz300035,中科电气,14.850
sz300036,超图软件,0.000
sz300037,新宙邦,45.300
sz300038,梅泰诺,42.020
sz300039,上海凯宝,14.400
sz300040,九洲电气,13.330
sz300041,回天新材,26.400
sz300042,朗科科技,37.550
sz300043,互动娱乐,17.220
sz300044,赛为智能,29.310
sz300045,华力创通,23.490
sz300046,台基股份,23.560
sz300047,天源迪科,27.110
sz300048,合康变频,17.920
sz300049,福瑞股份,32.780
sz300050,世纪鼎利,38.500
sz300051,三五互联,21.990
sz300052,中青宝,32.060
sz300053,欧比特,42.900
sz300054,鼎龙股份,0.000
sz300055,万邦达,24.680
sz300056,三维丝,22.960
sz300057,万顺股份,17.400
sz300058,蓝色光标,16.480
sz300059,东方财富,62.960
sz300061,康耐特,0.000
sz300062,中能电气,28.090
sz300063,天龙集团,40.000
sz300064,豫金刚石,14.300
sz300065,海兰信,42.700
sz300066,三川股份,14.150
sz300067,安诺其,10.700
sz300068,南都电源,19.620
sz300069,金利华电,0.000
sz300070,碧水源,51.300
sz300071,华谊嘉信,13.960
sz300072,三聚环保,35.080
sz300073,当升科技,30.560
sz300074,华平股份,16.420
sz300075,数字政通,34.820
sz300076,GQY视讯,31.260
sz300077,国民技术,42.160
sz300078,思创医惠,42.550
sz300079,数码视讯,13.070
sz300080,新大新材,10.040
sz300081,恒信移动,47.800
sz300082,奥克股份,7.980
sz300083,劲胜精密,43.700
sz300084,海默科技,12.360
sz300085,银之杰,54.010
sz300086,康芝药业,16.030
sz300087,荃银高科,11.990
sz300088,长信科技,13.300
sz300089,文化长城,28.920
sz300090,盛运环保,12.560
sz300091,金通灵,39.270
sz300092,科新机电,0.000
sz300093,金刚玻璃,0.000
sz300094,国联水产,0.000
sz300095,华伍股份,14.350
sz300096,易联众,29.260
sz300097,智云股份,44.000
sz300098,高新兴,15.220
sz300099,尤洛卡,0.000
sz300100,双林股份,22.930
sz300101,振芯科技,34.270
sz300102,乾照光电,9.690
sz300103,达刚路机,20.620
sz300104,乐视网,52.450
sz300105,龙源技术,12.110
sz300106,西部牧业,19.630
sz300107,建新股份,7.800
sz300108,双龙股份,18.700
sz300109,新开源,70.940
sz300110,华仁药业,16.570
sz300111,向日葵,7.010
sz300112,万讯自控,20.390
sz300113,顺网科技,86.850
sz300114,中航电测,54.480
sz300115,长盈精密,35.120
sz300116,坚瑞消防,10.750
sz300117,嘉寓股份,10.630
sz300118,东方日升,13.910
sz300119,瑞普生物,20.750
sz300120,经纬电材,0.000
sz300121,阳谷华泰,13.630
sz300122,智飞生物,35.140
sz300123,太阳鸟,0.000
sz300124,汇川技术,48.500
sz300125,易世达,30.490
sz300126,锐奇股份,21.590
sz300127,银河磁体,17.580
sz300128,锦富新材,22.970
sz300129,泰胜风能,10.070
sz300130,新国都,34.190
sz300131,英唐智控,0.000
sz300132,青松股份,9.830
sz300133,华策影视,32.490
sz300134,大富科技,0.000
sz300135,宝利国际,10.430
sz300136,信维通信,29.420
sz300137,先河环保,23.030
sz300138,晨光生物,20.600
sz300139,晓程科技,18.310
sz300140,启源装备,28.160
sz300141,和顺电气,28.820
sz300142,沃森生物,15.570
sz300143,星河生物,0.000
sz300144,宋城演艺,0.000
sz300145,南方泵业,47.100
sz300146,汤臣倍健,35.100
sz300147,香雪制药,25.520
sz300148,天舟文化,0.000
sz300149,量子高科,0.000
sz300150,世纪瑞尔,16.450
sz300151,昌红科技,16.590
sz300152,科融环境,13.810
sz300153,科泰电源,16.490
sz300154,瑞凌股份,15.450
sz300155,安居宝,20.010
sz300156,神雾环保,53.730
sz300157,恒泰艾普,13.260
sz300158,振东制药,20.500
sz300159,新研股份,17.610
sz300160,秀强股份,34.930
sz300161,华中数控,37.420
sz300162,雷曼股份,0.000
sz300163,先锋新材,14.620
sz300164,通源石油,11.910
sz300165,天瑞仪器,25.000
sz300166,东方国信,38.590
sz300167,迪威视讯,23.800
sz300168,万达信息,0.000
sz300169,天晟新材,0.000
sz300170,汉得信息,21.680
sz300171,东富龙,26.510
sz300172,中电环保,18.160
sz300173,智慧松德,20.250
sz300174,元力股份,24.810
sz300175,朗源股份,11.220
sz300176,鸿特精密,28.600
sz300177,中海达,20.150
sz300178,腾邦国际,0.000
sz300179,四方达,8.750
sz300180,华峰超纤,16.380
sz300181,佐力药业,11.980
sz300182,捷成股份,23.090
sz300183,东软载波,28.380
sz300184,力源信息,21.400
sz300185,通裕重工,9.920
sz300187,永清环保,42.710
sz300188,美亚柏科,0.000
sz300189,神农基因,0.000
sz300190,维尔利,25.920
sz300191,潜能恒信,40.690
sz300192,科斯伍德,14.920
sz300193,佳士科技,14.650
sz300194,福安药业,0.000
sz300195,长荣股份,25.970
sz300196,长海股份,30.880
sz300197,铁汉生态,18.860
sz300198,纳川股份,14.540
sz300199,翰宇药业,27.990
sz300200,高盟新材,17.050
sz300201,海伦哲,19.800
sz300202,聚龙股份,31.210
sz300203,聚光科技,36.880
sz300204,舒泰神,34.980
sz300205,天喻信息,22.770
sz300206,理邦仪器,27.800
sz300207,欣旺达,28.020
sz300208,恒顺众昇,0.000
sz300209,天泽信息,0.000
sz300210,森远股份,19.050
sz300211,亿通科技,23.350
sz300212,易华录,55.650
sz300213,佳讯飞鸿,40.450
sz300214,日科化学,9.260
sz300215,电科院,14.120
sz300216,千山药机,45.700
sz300217,东方电热,12.700
sz300218,安利股份,16.310
sz300219,鸿利光电,16.210
sz300220,金运激光,45.430
sz300221,银禧科技,12.560
sz300222,科大智能,0.000
sz300223,北京君正,39.000
sz300224,正海磁材,25.980
sz300225,金力泰,8.500
sz300226,上海钢联,61.770
sz300227,光韵达,36.700
sz300228,富瑞特装,22.990
sz300229,拓尔思,35.750
sz300230,永利带业,28.220
sz300231,银信科技,24.480
sz300232,洲明科技,34.010
sz300233,金城医药,35.960
sz300234,开尔新材,21.800
sz300235,方直科技,0.000
sz300236,上海新阳,40.680
sz300237,美晨科技,12.910
sz300238,冠昊生物,0.000
sz300239,东宝生物,15.780
sz300240,飞力达,18.900
sz300241,瑞丰光电,16.050
sz300242,明家科技,39.560
sz300243,瑞丰高材,20.500
sz300244,迪安诊断,79.750
sz300245,天玑科技,30.460
sz300246,宝莱特,35.000
sz300247,乐金健康,0.000
sz300248,新开普,32.100
sz300249,依米康,26.900
sz300250,初灵信息,70.100
sz300251,光线传媒,27.820
sz300252,金信诺,36.900
sz300253,卫宁软件,46.680
sz300254,仟源医药,34.740
sz300255,常山药业,19.250
sz300256,星星科技,26.790
sz300257,开山股份,25.630
sz300258,精锻科技,16.850
sz300259,新天科技,11.880
sz300260,新莱应材,31.300
sz300261,雅本化学,0.000
sz300262,巴安水务,21.500
sz300263,隆华节能,23.080
sz300264,佳创视讯,17.970
sz300265,通光线缆,14.160
sz300266,兴源环境,47.660
sz300267,尔康制药,31.300
sz300268,万福生科,34.300
sz300269,联建光电,0.000
sz300270,中威电子,20.180
sz300271,华宇软件,42.970
sz300272,开能环保,22.400
sz300273,和佳股份,23.600
sz300274,阳光电源,28.760
sz300275,梅安森,25.350
sz300276,三丰智能,29.650
sz300277,海联讯,35.350
sz300278,华昌达,22.980
sz300279,和晶科技,60.110
sz300280,南通锻压,0.000
sz300281,金明精机,18.340
sz300282,汇冠股份,31.350
sz300283,温州宏丰,13.410
sz300284,苏交科,24.600
sz300285,国瓷材料,38.450
sz300286,安科瑞,38.570
sz300287,飞利信,19.800
sz300288,朗玛信息,0.000
sz300289,利德曼,21.400
sz300290,荣科科技,21.350
sz300291,华录百纳,38.010
sz300292,吴通控股,43.950
sz300293,蓝英装备,27.030
sz300294,博雅生物,40.630
sz300295,三六五网,60.050
sz300296,利亚德,23.720
sz300297,蓝盾股份,21.130
sz300298,三诺生物,37.060
sz300299,富春通信,51.430
sz300300,汉鼎股份,30.270
sz300301,长方照明,9.760
sz300302,同有科技,73.810
sz300303,聚飞光电,10.820
sz300304,云意电气,24.380
sz300305,裕兴股份,29.680
sz300306,远方光电,0.000
sz300307,慈星股份,17.530
sz300308,中际装备,17.440
sz300309,吉艾科技,19.810
sz300310,宜通世纪,49.690
sz300311,任子行,43.590
sz300312,邦讯技术,40.700
sz300313,天山生物,0.000
sz300314,戴维医疗,36.880
sz300315,掌趣科技,15.420
sz300316,晶盛机电,17.300
sz300317,珈伟股份,0.000
sz300318,博晖创新,24.250
sz300319,麦捷科技,31.740
sz300320,海达股份,13.730
sz300321,同大股份,104.570
sz300322,硕贝德,15.520
sz300323,华灿光电,9.180
sz300324,旋极信息,46.690
sz300325,德威新材,17.820
sz300326,凯利泰,0.000
sz300327,中颖电子,34.270
sz300328,宜安科技,32.590
sz300329,海伦钢琴,23.100
sz300330,华虹计通,19.690
sz300331,苏大维格,0.000
sz300332,天壕环境,27.220
sz300333,兆日科技,32.570
sz300334,津膜科技,0.000
sz300335,迪森股份,17.850
sz300336,新文化,33.390
sz300337,银邦股份,10.570
sz300338,开元仪器,16.710
sz300339,润和软件,48.000
sz300340,科恒股份,30.390
sz300341,麦迪电气,23.700
sz300342,天银机电,0.000
sz300343,联创股份,104.680
sz300344,太空板业,0.000
sz300345,红宇新材,17.590
sz300346,南大光电,37.360
sz300347,泰格医药,35.300
sz300348,长亮科技,79.300
sz300349,金卡股份,0.000
sz300350,华鹏飞,39.990
sz300351,永贵电器,0.000
sz300352,北信源,53.680
sz300353,东土科技,27.900
sz300354,东华测试,38.400
sz300355,蒙草抗旱,20.420
sz300356,光一科技,45.540
sz300357,我武生物,45.700
sz300358,楚天科技,0.000
sz300359,全通教育,116.230
sz300360,炬华科技,35.230
sz300362,天保重装,46.200
sz300363,博腾股份,29.050
sz300364,中文在线,221.000
sz300365,恒华科技,0.000
sz300366,创意信息,55.000
sz300367,东方网力,78.200
sz300368,汇金股份,28.710
sz300369,绿盟科技,50.190
sz300370,安控科技,0.000
sz300371,汇中股份,31.420
sz300372,欣泰电气,18.600
sz300373,扬杰科技,25.870
sz300374,恒通科技,28.490
sz300375,鹏翎股份,23.150
sz300376,易事特,48.120
sz300377,赢时胜,84.900
sz300378,鼎捷软件,62.400
sz300379,东方通,91.360
sz300380,安硕信息,76.800
sz300381,溢多利,56.490
sz300382,斯莱克,46.580
sz300383,光环新网,58.000
sz300384,三联虹普,69.980
sz300385,雪浪环境,48.760
sz300386,飞天诚信,52.620
sz300387,富邦股份,29.460
sz300388,国祯环保,39.040
sz300389,艾比森,40.490
sz300390,天华超净,46.860
sz300391,康跃科技,22.120
sz300392,腾信股份,46.500
sz300393,中来股份,52.660
sz300394,天孚通信,106.810
sz300395,菲利华,40.150
sz300396,迪瑞医疗,53.290
sz300397,天和防务,98.100
sz300398,飞凯材料,79.100
sz300399,京天利,71.170
sz300400,劲拓股份,39.600
sz300401,花园生物,24.260
sz300402,宝色股份,19.580
sz300403,地尔汉宇,59.900
sz300404,博济医药,52.960
sz300405,科隆精化,50.990
sz300406,九强生物,46.550
sz300407,凯发电气,0.000
sz300408,三环集团,37.990
sz300409,道氏技术,58.370
sz300410,正业科技,117.690
sz300411,金盾股份,39.740
sz300412,迦南科技,51.950
sz300413,快乐购,50.200
sz300414,中光防雷,50.500
sz300415,伊之密,25.500
sz300416,苏试试验,90.040
sz300417,南华仪器,113.750
sz300418,昆仑万维,53.210
sz300419,浩丰科技,206.550
sz300420,五洋科技,64.420
sz300421,力星股份,41.500
sz300422,博世科,51.800
sz300423,鲁亿通,50.190
sz300424,航新科技,92.940
sz300425,环能科技,48.100
sz300426,唐德影视,80.300
sz300427,红相电力,79.900
sz300428,四通新材,59.200
sz300429,强力新材,135.080
sz300430,诚益通,63.950
sz300431,暴风科技,0.000
sz300432,富临精工,30.630
sz300433,蓝思科技,92.550
sz300434,金石东方,71.320
sz300435,中泰股份,66.690
sz300436,广生堂,97.910
sz300437,清水源,97.000
sz300438,鹏辉能源,129.270
sz300439,美康生物,47.840
sz300440,运达科技,89.620
sz300441,鲍斯股份,41.670
sz300442,普丽盛,73.810
sz300443,金雷风电,210.950
sz300444,双杰电气,35.560
sz300445,康斯特,66.890
sz300446,乐凯新材,131.980
sz300447,全信股份,104.200
sz300448,浩云科技,107.780
sz300449,汉邦高科,123.200
sz300450,先导股份,101.970
sz300451,创业软件,212.290
sz300452,山河药辅,124.540
sz300453,三鑫医疗,80.850
sz300455,康拓红外,50.760
sz300456,耐威科技,0.000
sz300457,赢合科技,77.190
sz300458,全志科技,109.490
sz300459,浙江金科,0.000
sz300460,惠伦晶体,38.060
sz300461,田中精机,61.080
sz300462,华铭智能,36.480
sz300463,迈克生物,122.650
sz300464,星徽精密,50.700
sz300465,高伟达,96.010
sz300466,赛摩电气,0.000
sz300467,迅游科技,66.030
sz300468,四方精创,89.430
sz300469,信息发展,139.800
sz300470,日机密封,106.980
sz300471,厚普股份,89.440
sz300472,新元科技,60.690
sz300473,德尔股份,91.080
sz300475,聚隆科技,33.230
sz300476,胜宏科技,56.180
sz300477,合纵科技,54.870
sz300478,杭州高新,66.960
sz300479,神思电子,97.460
sz300480,光力科技,75.790
sz300481,濮阳惠成,54.960
sz300482,万孚生物,147.620
sz300483,沃施股份,61.500
sz300485,赛升药业,146.300
sz300486,东杰智能,54.800
sz300487,蓝晓科技,69.280
sz300488,恒锋工具,94.950
sz300489,中飞股份,104.910
sz300498,温氏股份,55.700
sh600000,浦发银行,19.05
sh600004,白云机场,13.68
sh600005,武钢股份,3.76
sh600006,东风汽车,9.46
sh600007,中国国贸,16.26
sh600008,首创股份,10.99
sh600009,上海机场,30.20
sh600010,包钢股份,4.03
sh600011,华能国际,9.26
sh600012,皖通高速,13.54
sh600015,华夏银行,11.06
sh600016,民生银行,8.80
sh600017,日照港,8.49
sh600018,上港集团,7.25
sh600019,宝钢股份,5.80
sh600020,中原高速,6.34
sh600021,上海电力,16.22
sh600022,山东钢铁,3.19
sh600023,浙能电力,8.49
sh600026,中海发展,11.08
sh600027,华电国际,7.18
sh600028,中国石化,5.12
sh600029,南方航空,8.61
sh600030,中信证券,20.29
sh600031,三一重工,6.96
sh600033,福建高速,4.26
sh600035,楚天高速,5.19
sh600036,招商银行,17.88
sh600037,歌华有线,24.48
sh600038,中直股份,59.87
sh600039,四川路桥,5.17
sh600048,保利地产,9.49
sh600050,中国联通,6.65
sh600051,宁波联合,12.09
sh600052,浙江广厦,8.09
sh600053,中江地产,30.99
sh600054,黄山旅游,22.88
sh600055,华润万东,39.98
sh600056,中国医药,16.48
sh600057,象屿股份,12.96
sh600058,五矿发展,37.31
sh600059,古越龙山,10.75
sh600060,海信电器,18.04
sh600061,国投安信,25.13
sh600062,华润双鹤,22.98
sh600063,皖维高新,6.21
sh600064,南京高科,19.97
sh600066,宇通客车,21.18
sh600067,冠城大通,9.14
sh600068,葛洲坝,8.26
sh600069,*ST银鸽,5.09
sh600070,浙江富润,9.50
sh600071,*ST光学,23.04
sh600072,钢构工程,25.99
sh600073,上海梅林,13.40
sh600074,保千里,17.44
sh600075,新疆天业,11.23
sh600076,青鸟华光,10.75
sh600077,宋都股份,7.17
sh600078,澄星股份,6.80
sh600079,人福医药,19.51
sh600080,金花股份,13.87
sh600081,东风科技,19.66
sh600082,海泰发展,7.08
sh600083,博信股份,20.14
sh600084,中葡股份,7.26
sh600085,同仁堂,26.81
sh600086,东方金钰,15.09
sh600088,中视传媒,28.06
sh600089,特变电工,12.42
sh600090,啤酒花,17.56
sh600091,*ST明科,11.99
sh600093,禾嘉股份,18.49
sh600094,大名城,11.38
sh600095,哈高科,12.17
sh600096,云天化,14.41
sh600097,开创国际,30.24
sh600098,广州发展,13.64
sh600099,林海股份,13.37
sh600100,同方股份,18.74
sh600101,明星电力,13.75
sh600103,青山纸业,8.19
sh600104,上汽集团,19.84
sh600105,永鼎股份,23.53
sh600106,重庆路桥,10.54
sh600107,美尔雅,17.72
sh600108,亚盛集团,7.79
sh600109,国金证券,17.31
sh600110,中科英华,13.73
sh600111,北方稀土,15.10
sh600112,天成控股,16.90
sh600113,浙江东日,11.87
sh600114,东睦股份,14.77
sh600115,东方航空,7.82
sh600116,三峡水利,17.75
sh600117,西宁特钢,5.97
sh600118,中国卫星,48.97
sh600119,长江投资,22.83
sh600120,浙江东方,19.86
sh600121,郑州煤电,6.45
sh600122,宏图高科,16.94
sh600123,兰花科创,7.94
sh600125,铁龙物流,10.29
sh600126,杭钢股份,8.98
sh600127,金健米业,7.29
sh600128,弘业股份,15.33
sh600129,太极集团,22.79
sh600130,波导股份,8.72
sh600131,岷江水电,9.60
sh600132,重庆啤酒,16.44
sh600133,东湖高新,13.14
sh600135,乐凯胶片,17.28
sh600136,道博股份,62.29
sh600137,浪莎股份,44.06
sh600138,中青旅,20.64
sh600139,西部资源,16.67
sh600141,兴发集团,13.82
sh600143,金发科技,8.81
sh600145,*ST新亿,7.73
sh600146,商赢环球,33.33
sh600148,长春一东,29.79
sh600149,廊坊发展,17.26
sh600150,中国船舶,38.49
sh600151,航天机电,13.66
sh600152,维科精华,11.31
sh600153,建发股份,17.31
sh600155,宝硕股份,14.98
sh600156,华升股份,13.08
sh600157,永泰能源,5.13
sh600158,中体产业,22.12
sh600159,大龙地产,6.09
sh600160,巨化股份,19.69
sh600161,天坛生物,30.91
sh600162,香江控股,9.27
sh600163,*ST南纸,7.19
sh600165,新日恒力,16.52
sh600166,福田汽车,6.92
sh600167,联美控股,25.76
sh600168,武汉控股,9.68
sh600169,太原重工,6.70
sh600170,上海建工,7.94
sh600171,上海贝岭,22.80
sh600172,黄河旋风,24.48
sh600173,卧龙地产,8.24
sh600175,美都能源,6.07
sh600176,中国巨石,25.32
sh600177,雅戈尔,16.08
sh600178,东安动力,11.32
sh600179,黑化股份,15.85
sh600180,瑞茂通,25.06
sh600182,S佳通,17.67
sh600183,生益科技,9.56
sh600184,光电股份,33.99
sh600185,格力地产,21.29
sh600186,莲花味精,7.67
sh600187,国中水务,6.27
sh600188,兖州煤业,9.95
sh600189,吉林森工,13.79
sh600190,锦州港,6.24
sh600191,华资实业,22.32
sh600192,长城电工,10.70
sh600193,创兴资源,13.48
sh600195,中牧股份,17.18
sh600196,复星医药,25.61
sh600197,伊力特,13.43
sh600198,大唐电信,25.13
sh600199,金种子酒,9.75
sh600200,江苏吴中,28.14
sh600201,金宇集团,33.67
sh600202,哈空调,12.74
sh600203,福日电子,14.01
sh600206,有研新材,14.52
sh600207,安彩高科,13.66
sh600208,新湖中宝,5.67
sh600209,罗顿发展,10.41
sh600210,紫江企业,7.67
sh600211,西藏药业,39.63
sh600212,江泉实业,9.34
sh600213,亚星客车,13.14
sh600215,长春经开,9.97
sh600216,浙江医药,10.89
sh600217,*ST秦岭,9.53
sh600218,全柴动力,12.78
sh600219,南山铝业,6.58
sh600220,江苏阳光,6.35
sh600221,海南航空,4.04
sh600222,太龙药业,8.55
sh600223,鲁商置业,8.16
sh600225,天津松江,7.82
sh600226,升华拜克,10.41
sh600227,赤天化,5.04
sh600228,昌九生化,14.04
sh600229,城市传媒,20.41
sh600230,沧州大化,12.50
sh600231,凌钢股份,6.56
sh600232,金鹰股份,11.18
sh600233,大杨创世,21.32
sh600234,山水文化,17.17
sh600235,民丰特纸,10.96
sh600236,桂冠电力,7.60
sh600237,铜峰电子,5.73
sh600238,海南椰岛,16.79
sh600239,云南城投,7.36
sh600240,华业资本,14.81
sh600241,时代万恒,15.08
sh600242,*ST中昌,7.82
sh600243,青海华鼎,14.09
sh600246,万通地产,5.65
sh600247,*ST成城,17.29
sh600248,延长化建,10.21
sh600249,两面针,9.12
sh600250,南纺股份,17.01
sh600251,冠农股份,12.06
sh600252,中恒集团,7.22
sh600255,鑫科材料,6.00
sh600256,广汇能源,7.45
sh600257,大湖股份,12.69
sh600258,首旅酒店,18.55
sh600259,广晟有色,48.45
sh600260,凯乐科技,16.91
sh600261,阳光照明,8.27
sh600262,北方股份,45.03
sh600265,ST景谷,24.06
sh600266,北京城建,15.41
sh600267,海正药业,14.67
sh600268,国电南自,10.77
sh600269,赣粤高速,5.97
sh600270,外运发展,27.04
sh600271,航天信息,55.91
sh600272,开开实业,20.90
sh600273,嘉化能源,11.32
sh600275,武昌鱼,8.25
sh600276,恒瑞医药,50.71
sh600277,亿利能源,9.96
sh600278,东方创业,19.55
sh600279,重庆港九,13.89
sh600280,中央商场,12.39
sh600281,太化股份,6.86
sh600282,南钢股份,3.49
sh600283,钱江水利,19.81
sh600284,浦东建设,14.57
sh600285,羚锐制药,12.84
sh600287,江苏舜天,12.23
sh600288,大恒科技,18.04
sh600289,亿阳信通,20.19
sh600290,华仪电气,15.10
sh600291,西水股份,28.51
sh600292,中电远达,26.30
sh600293,三峡新材,11.81
sh600295,鄂尔多斯,9.07
sh600297,广汇汽车,11.64
sh600298,安琪酵母,31.70
sh600299,蓝星新材,19.20
sh600300,维维股份,6.94
sh600301,*ST南化,13.75
sh600302,标准股份,10.09
sh600303,曙光股份,14.22
sh600305,恒顺醋业,23.23
sh600306,商业城,12.40
sh600307,酒钢宏兴,4.38
sh600308,华泰股份,5.97
sh600309,万华化学,18.52
sh600310,桂东电力,11.09
sh600311,荣华实业,7.54
sh600312,平高电气,20.17
sh600313,农发种业,14.85
sh600315,上海家化,39.99
sh600316,洪都航空,26.32
sh600317,营口港,5.03
sh600318,巢东股份,35.30
sh600319,亚星化学,10.71
sh600320,振华重工,6.59
sh600321,国栋建设,5.57
sh600322,天房发展,5.50
sh600323,瀚蓝环境,15.84
sh600325,华发股份,16.14
sh600326,西藏天路,12.08
sh600327,大东方,10.03
sh600328,兰太实业,16.01
sh600329,中新药业,21.69
sh600330,天通股份,14.85
sh600331,宏达股份,8.11
sh600332,白云山,29.36
sh600333,长春燃气,8.28
sh600335,国机汽车,18.58
sh600336,澳柯玛,9.22
sh600337,美克家居,16.13
sh600338,西藏珠峰,13.79
sh600339,天利高新,8.35
sh600340,华夏幸福,27.28
sh600343,航天动力,30.79
sh600345,长江通信,25.48
sh600346,大橡塑,11.97
sh600348,阳泉煤业,6.92
sh600350,山东高速,6.74
sh600351,亚宝药业,13.41
sh600352,浙江龙盛,11.23
sh600353,旭光股份,11.18
sh600354,敦煌种业,9.20
sh600355,精伦电子,8.80
sh600356,恒丰纸业,11.38
sh600358,国旅联合,18.71
sh600359,新农开发,12.46
sh600360,华微电子,11.05
sh600361,华联综超,8.17
sh600362,江西铜业,15.37
sh600363,联创光电,20.30
sh600365,通葡股份,14.11
sh600366,宁波韵升,20.17
sh600367,红星发展,12.25
sh600368,五洲交通,6.98
sh600369,西南证券,10.38
sh600370,三房巷,14.06
sh600371,万向德农,18.08
sh600372,中航电子,27.64
sh600373,中文传媒,25.09
sh600375,华菱星马,7.73
sh600376,首开股份,12.44
sh600377,宁沪高速,8.61
sh600378,天科股份,18.47
sh600379,宝光股份,21.76
sh600380,健康元,15.26
sh600381,青海春天,23.95
sh600382,广东明珠,16.26
sh600383,金地集团,13.73
sh600385,山东金泰,24.46
sh600386,北巴传媒,18.49
sh600387,海越股份,18.04
sh600388,龙净环保,19.20
sh600389,江山股份,25.80
sh600390,金瑞科技,15.44
sh600391,成发科技,59.96
sh600392,盛和资源,11.84
sh600393,东华实业,10.89
sh600395,盘江股份,8.04
sh600396,金山股份,7.95
sh600397,安源煤业,6.34
sh600398,海澜之家,15.10
sh600399,抚顺特钢,9.84
sh600400,红豆股份,23.09
sh600401,*ST海润,3.08
sh600403,大有能源,7.52
sh600405,动力源,18.08
sh600406,国电南瑞,16.57
sh600408,*ST安泰,4.50
sh600409,三友化工,8.20
sh600410,华胜天成,25.44
sh600415,小商品城,10.59
sh600416,湘电股份,20.05
sh600418,江淮汽车,15.47
sh600419,天润乳业,32.92
sh600420,现代制药,37.15
sh600421,仰帆控股,20.28
sh600422,昆药集团,36.29
sh600423,柳化股份,7.58
sh600425,青松建化,5.96
sh600426,华鲁恒升,13.99
sh600428,中远航运,14.25
sh600429,三元股份,7.29
sh600432,吉恩镍业,9.38
sh600433,冠豪高新,11.11
sh600435,北方导航,34.36
sh600436,片仔癀,58.97
sh600438,通威股份,13.56
sh600439,瑞贝卡,6.96
sh600444,*ST国通,20.70
sh600446,金证股份,50.17
sh600448,华纺股份,9.49
sh600449,宁夏建材,12.95
sh600452,涪陵电力,28.59
sh600455,博通股份,46.03
sh600456,宝钛股份,21.80
sh600458,时代新材,20.40
sh600459,贵研铂业,20.51
sh600460,士兰微,8.24
sh600461,洪城水业,15.66
sh600462,石岘纸业,13.22
sh600463,空港股份,15.95
sh600466,蓝光发展,15.07
sh600467,好当家,7.66
sh600468,百利电气,17.42
sh600469,风神股份,17.61
sh600470,六国化工,9.66
sh600475,华光股份,18.39
sh600476,湘邮科技,32.40
sh600477,杭萧钢构,12.23
sh600478,科力远,21.24
sh600479,千金药业,17.97
sh600480,凌云股份,19.42
sh600481,双良节能,11.27
sh600482,风帆股份,41.48
sh600483,福能股份,18.04
sh600485,信威集团,26.41
sh600486,扬农化工,29.26
sh600487,亨通光电,13.66
sh600488,天药股份,7.31
sh600489,中金黄金,9.79
sh600490,鹏欣资源,6.61
sh600491,龙元建设,10.39
sh600493,凤竹纺织,16.26
sh600495,晋西车轴,12.35
sh600496,精工钢构,6.53
sh600497,驰宏锌锗,10.64
sh600498,烽火通信,28.01
sh600499,科达洁能,22.79
sh600500,中化国际,12.49
sh600501,航天晨光,27.99
sh600502,安徽水利,13.67
sh600503,华丽家族,13.72
sh600505,西昌电力,11.44
sh600506,香梨股份,21.18
sh600507,方大特钢,6.64
sh600508,上海能源,10.51
sh600509,天富能源,10.41
sh600510,黑牡丹,11.98
sh600511,国药股份,33.21
sh600512,腾达建设,5.56
sh600513,联环药业,23.40
sh600515,海岛建设,16.29
sh600516,方大炭素,11.55
sh600517,置信电气,15.44
sh600518,康美药业,16.85
sh600519,贵州茅台,211.69
sh600520,中发科技,24.24
sh600521,华海药业,23.75
sh600522,中天科技,22.68
sh600523,贵航股份,23.83
sh600525,长园集团,21.04
sh600526,菲达环保,19.85
sh600527,江南高纤,7.93
sh600528,中铁二局,11.96
sh600529,山东药玻,19.34
sh600530,交大昂立,21.37
sh600531,豫光金铅,13.30
sh600532,宏达矿业,14.57
sh600533,栖霞建设,5.27
sh600535,天士力,37.80
sh600536,中国软件,36.43
sh600537,亿晶光电,14.66
sh600538,国发股份,13.17
sh600539,*ST狮头,11.85
sh600540,新赛股份,8.36
sh600543,莫高股份,12.65
sh600545,新疆城建,12.83
sh600546,山煤国际,4.84
sh600547,山东黄金,19.26
sh600548,深高速,9.39
sh600549,厦门钨业,20.37
sh600550,保变电气,8.42
sh600551,时代出版,23.31
sh600552,方兴科技,19.20
sh600555,九龙山,10.21
sh600556,慧球科技,23.03
sh600557,康缘药业,24.69
sh600558,大西洋,9.54
sh600559,老白干酒,59.95
sh600560,金自天正,19.33
sh600561,江西长运,16.26
sh600562,国睿科技,64.39
sh600563,法拉电子,39.68
sh600565,迪马股份,10.58
sh600566,济川药业,25.93
sh600567,山鹰纸业,4.09
sh600568,中珠控股,24.42
sh600569,安阳钢铁,3.15
sh600570,恒生电子,70.98
sh600571,信雅达,69.36
sh600572,康恩贝,13.64
sh600573,惠泉啤酒,16.27
sh600575,皖江物流,5.97
sh600576,万家文化,18.99
sh600577,精达股份,6.28
sh600578,京能电力,6.07
sh600579,天华院,15.14
sh600580,卧龙电气,16.64
sh600581,八一钢铁,7.35
sh600582,天地科技,16.26
sh600583,海油工程,9.94
sh600584,长电科技,22.74
sh600585,海螺水泥,17.22
sh600586,金晶科技,5.57
sh600587,新华医疗,37.35
sh600588,用友网络,31.66
sh600589,广东榕泰,11.96
sh600590,泰豪科技,16.95
sh600592,龙溪股份,13.79
sh600593,大连圣亚,38.85
sh600594,益佰制药,20.74
sh600595,中孚实业,5.37
sh600596,新安股份,10.48
sh600597,光明乳业,16.37
sh600598,北大荒,15.45
sh600599,熊猫金控,40.78
sh600600,青岛啤酒,33.52
sh600601,方正科技,7.11
sh600602,仪电电子,10.47
sh600603,大洲兴业,12.32
sh600604,市北高新,23.51
sh600605,汇通能源,22.26
sh600606,绿地控股,17.44
sh600608,*ST沪科,9.63
sh600609,金杯汽车,5.29
sh600610,中毅达,15.61
sh600611,大众交通,16.15
sh600612,老凤祥,43.96
sh600613,神奇制药,24.34
sh600614,鼎立股份,11.71
sh600615,丰华股份,22.91
sh600616,金枫酒业,12.32
sh600617,国新能源,17.19
sh600618,氯碱化工,13.42
sh600619,海立股份,14.54
sh600620,天宸股份,19.27
sh600621,华鑫股份,14.07
sh600622,嘉宝集团,15.95
sh600623,双钱股份,20.48
sh600624,复旦复华,18.75
sh600626,申达股份,16.04
sh600628,新世界,18.18
sh600629,华建集团,26.41
sh600630,龙头股份,28.67
sh600633,浙报传媒,18.02
sh600634,中技控股,23.09
sh600635,大众公用,10.75
sh600636,三爱富,18.01
sh600637,东方明珠,36.95
sh600638,新黄浦,14.69
sh600639,浦东金桥,24.88
sh600640,号百控股,23.70
sh600641,万业企业,16.23
sh600642,申能股份,7.97
sh600643,爱建集团,16.73
sh600644,*ST乐电,8.62
sh600645,中源协和,56.03
sh600647,同达创业,28.05
sh600648,外高桥,28.42
sh600649,城投控股,17.81
sh600650,锦江投资,44.17
sh600651,飞乐音响,12.86
sh600652,游久游戏,29.57
sh600653,申华控股,6.00
sh600654,中安消,34.67
sh600655,豫园商城,17.55
sh600656,,0
sh600657,信达地产,6.98
sh600658,电子城,12.21
sh600660,福耀玻璃,14.14
sh600661,新南洋,41.42
sh600662,强生控股,16.98
sh600663,陆家嘴,49.75
sh600664,哈药股份,11.98
sh600665,天地源,6.48
sh600666,奥瑞德,26.03
sh600667,太极实业,10.84
sh600668,尖峰集团,15.64
sh600671,天目药业,24.77
sh600673,东阳光科,9.06
sh600674,川投能源,10.75
sh600675,中华企业,8.40
sh600676,交运股份,13.72
sh600677,航天通信,25.58
sh600678,四川金顶,17.99
sh600679,金山开发,16.74
sh600680,上海普天,53.98
sh600681,万鸿集团,13.11
sh600682,南京新百,37.53
sh600683,京投银泰,10.20
sh600684,珠江实业,10.61
sh600685,中船防务,38.62
sh600686,金龙汽车,20.59
sh600687,刚泰控股,21.24
sh600688,上海石化,7.09
sh600689,上海三毛,16.63
sh600690,青岛海尔,9.92
sh600691,*ST阳化,3.90
sh600692,亚通股份,16.56
sh600693,东百集团,10.06
sh600694,大商股份,37.90
sh600695,绿庭投资,11.45
sh600696,匹凸匹,11.95
sh600697,欧亚集团,27.43
sh600698,湖南天雁,8.40
sh600699,均胜电子,31.25
sh600701,工大高新,23.59
sh600702,沱牌舍得,18.58
sh600703,三安光电,26.30
sh600704,物产中大,20.23
sh600705,中航资本,17.93
sh600706,曲江文旅,19.98
sh600707,彩虹股份,12.48
sh600708,光明地产,14.73
sh600710,*ST常林,5.44
sh600711,盛屯矿业,8.60
sh600712,南宁百货,8.68
sh600713,南京医药,11.43
sh600714,金瑞矿业,11.44
sh600715,*ST松辽,28.64
sh600716,凤凰股份,9.63
sh600717,天津港,11.78
sh600718,东软集团,23.22
sh600719,大连热电,15.31
sh600720,祁连山,9.47
sh600721,百花村,16.73
sh600722,*ST金化,7.55
sh600723,首商股份,10.83
sh600724,宁波富达,7.33
sh600725,云维股份,7.02
sh600726,华电能源,7.54
sh600727,鲁北化工,10.06
sh600728,佳都科技,39.88
sh600729,重庆百货,32.39
sh600730,中国高科,18.60
sh600731,湖南海利,10.39
sh600732,*ST新梅,7.71
sh600733,S前锋,41.82
sh600734,实达集团,13.89
sh600735,新华锦,16.41
sh600736,苏州高新,8.15
sh600737,中粮屯河,17.39
sh600738,兰州民百,9.48
sh600739,辽宁成大,15.83
sh600740,山西焦化,6.44
sh600741,华域汽车,16.17
sh600742,一汽富维,27.60
sh600743,华远地产,7.43
sh600744,华银电力,10.63
sh600745,中茵股份,23.72
sh600746,江苏索普,9.42
sh600747,大连控股,6.05
sh600748,上实发展,13.17
sh600749,西藏旅游,23.17
sh600750,江中药业,37.54
sh600751,天海投资,11.19
sh600753,东方银星,30.53
sh600754,锦江股份,52.49
sh600755,厦门国贸,9.40
sh600756,浪潮软件,31.37
sh600757,长江传媒,11.60
sh600758,红阳能源,14.60
sh600759,洲际油气,7.85
sh600760,中航黑豹,17.50
sh600761,安徽合力,12.73
sh600763,通策医疗,110.36
sh600764,中电广通,19.41
sh600765,中航重机,22.49
sh600766,园城黄金,16.05
sh600767,运盛医疗,13.62
sh600768,宁波富邦,25.48
sh600769,祥龙电业,11.57
sh600770,综艺股份,13.95
sh600771,广誉远,31.98
sh600773,西藏城投,23.97
sh600774,汉商集团,21.63
sh600775,南京熊猫,18.88
sh600776,东方通信,12.90
sh600777,新潮实业,11.80
sh600778,友好集团,12.10
sh600779,*ST水井,13.02
sh600780,通宝能源,7.62
sh600781,辅仁药业,19.36
sh600782,新钢股份,5.73
sh600783,鲁信创投,39.33
sh600784,鲁银投资,8.78
sh600785,新华百货,30.68
sh600787,中储股份,11.58
sh600789,鲁抗医药,14.01
sh600790,轻纺城,8.71
sh600791,京能置业,8.74
sh600792,云煤能源,7.03
sh600793,ST宜纸,19.98
sh600794,保税科技,7.55
sh600795,国电电力,4.19
sh600796,钱江生化,12.13
sh600797,浙大网新,14.92
sh600798,宁波海运,7.44
sh600800,天津磁卡,10.15
sh600801,华新水泥,8.39
sh600802,福建水泥,8.61
sh600803,新奥股份,14.02
sh600804,鹏博士,25.64
sh600805,悦达投资,12.85
sh600806,昆明机床,15.47
sh600807,天业股份,15.67
sh600808,马钢股份,3.67
sh600809,山西汾酒,18.01
sh600810,神马股份,9.16
sh600811,东方集团,9.01
sh600812,华北制药,8.37
sh600814,杭州解百,11.75
sh600815,厦工股份,11.13
sh600816,安信信托,19.20
sh600817,ST宏盛,15.38
sh600818,中路股份,69.82
sh600819,耀皮玻璃,8.29
sh600820,隧道股份,11.90
sh600821,津劝业,8.86
sh600822,上海物贸,15.57
sh600823,世茂股份,12.30
sh600824,益民集团,8.86
sh600825,新华传媒,12.73
sh600826,兰生股份,32.15
sh600827,百联股份,19.76
sh600828,成商集团,8.86
sh600829,人民同泰,14.22
sh600830,香溢融通,12.84
sh600831,广电网络,15.91
sh600833,第一医药,20.39
sh600834,申通地铁,18.67
sh600835,上海机电,31.59
sh600836,界龙实业,32.57
sh600837,海通证券,16.70
sh600838,上海九百,16.45
sh600839,四川长虹,6.78
sh600841,上柴股份,13.88
sh600843,上工申贝,17.13
sh600844,丹化科技,8.87
sh600845,宝信软件,68.39
sh600846,同济科技,13.38
sh600847,万里股份,33.09
sh600848,上海临港,23.62
sh600850,华东电脑,57.09
sh600851,海欣股份,13.79
sh600853,龙建股份,7.93
sh600854,春兰股份,9.21
sh600855,航天长峰,43.64
sh600856,中天能源,23.64
sh600857,宁波中百,17.82
sh600858,银座股份,9.95
sh600859,王府井,25.25
sh600860,京城股份,13.29
sh600861,北京城乡,15.43
sh600862,南通科技,21.93
sh600863,内蒙华电,4.97
sh600864,哈投股份,10.88
sh600865,百大集团,15.87
sh600866,星湖科技,8.90
sh600867,通化东宝,25.48
sh600868,梅雁吉祥,7.85
sh600869,智慧能源,10.71
sh600870,*ST厦华,8.12
sh600871,石化油服,9.77
sh600872,中炬高新,14.95
sh600873,梅花生物,8.16
sh600874,创业环保,11.73
sh600875,东方电气,14.76
sh600876,洛阳玻璃,34.96
sh600877,中国嘉陵,9.39
sh600879,航天电子,20.30
sh600880,博瑞传播,7.50
sh600881,亚泰集团,8.12
sh600882,华联矿业,13.42
sh600883,博闻科技,15.84
sh600884,杉杉股份,33.84
sh600885,宏发股份,31.09
sh600886,国投电力,8.99
sh600887,伊利股份,15.43
sh600888,新疆众和,8.98
sh600889,南京化纤,14.74
sh600890,中房股份,7.63
sh600891,秋林集团,9.45
sh600892,宝诚股份,64.84
sh600893,中航动力,50.21
sh600894,广日股份,19.42
sh600895,张江高科,28.97
sh600896,中海海盛,16.18
sh600897,厦门空港,23.63
sh600898,三联商社,13.53
sh600900,长江电力,13.34
sh600917,重庆燃气,14.44
sh600958,东方证券,25.50
sh600959,江苏有线,23.34
sh600960,渤海活塞,10.90
sh600961,株冶集团,12.95
sh600962,*ST中鲁,17.73
sh600963,岳阳林纸,7.85
sh600965,福成五丰,16.69
sh600966,博汇纸业,4.11
sh600967,北方创业,20.27
sh600969,郴电国际,18.68
sh600970,中材国际,13.34
sh600971,恒源煤电,6.33
sh600973,宝胜股份,16.63
sh600975,新五丰,16.10
sh600976,健民集团,34.56
sh600978,宜华木业,22.33
sh600979,广安爱众,8.20
sh600980,北矿磁材,22.87
sh600981,汇鸿集团,12.85
sh600982,宁波热电,7.54
sh600983,惠而浦,14.88
sh600984,*ST建机,11.10
sh600985,雷鸣科化,13.65
sh600986,科达股份,21.59
sh600987,航民股份,13.02
sh600988,赤峰黄金,11.57
sh600990,四创电子,62.75
sh600992,贵绳股份,15.11
sh600993,马应龙,21.68
sh600995,文山电力,9.22
sh600997,开滦股份,5.80
sh600998,九州通,19.87
sh600999,招商证券,22.51
sh601000,唐山港,8.25
sh601001,大同煤业,5.93
sh601002,晋亿实业,13.51
sh601003,柳钢股份,4.82
sh601005,重庆钢铁,3.35
sh601006,大秦铁路,9.20
sh601007,金陵饭店,16.13
sh601008,连云港,7.76
sh601009,南京银行,17.84
sh601010,文峰股份,8.35
sh601011,宝泰隆,8.62
sh601012,隆基股份,13.97
sh601015,陕西黑猫,12.63
sh601016,节能风电,18.68
sh601018,宁波港,8.16
sh601021,春秋航空,62.81
sh601028,玉龙股份,9.41
sh601038,一拖股份,13.78
sh601058,赛轮金宇,8.20
sh601069,西部黄金,19.82
sh601088,中国神华,15.35
sh601098,中南传媒,23.63
sh601099,太平洋,10.18
sh601100,恒立油缸,17.28
sh601101,昊华能源,7.48
sh601106,中国一重,9.30
sh601107,四川成渝,5.12
sh601111,中国国航,8.92
sh601113,华鼎股份,9.06
sh601116,三江购物,11.30
sh601117,中国化学,7.38
sh601118,海南橡胶,7.98
sh601126,四方股份,16.38
sh601137,博威合金,24.46
sh601139,深圳燃气,9.76
sh601158,重庆水务,10.05
sh601166,兴业银行,16.13
sh601168,西部矿业,7.56
sh601169,北京银行,9.65
sh601177,杭齿前进,11.59
sh601179,中国西电,7.13
sh601186,中国铁建,15.40
sh601188,龙江交通,5.19
sh601198,东兴证券,27.64
sh601199,江南水务,38.09
sh601208,东材科技,9.21
sh601211,国泰君安,23.95
sh601216,君正集团,11.29
sh601218,吉鑫科技,7.31
sh601222,林洋电子,39.67
sh601225,陕西煤业,5.25
sh601226,华电重工,13.59
sh601231,环旭电子,15.21
sh601233,桐昆股份,13.82
sh601238,广汽集团,22.62
sh601258,庞大集团,4.38
sh601288,农业银行,3.20
sh601311,骆驼股份,20.38
sh601313,江南嘉捷,16.47
sh601318,中国平安,34.97
sh601328,交通银行,6.55
sh601333,广深铁路,4.87
sh601336,新华保险,48.02
sh601339,百隆东方,7.36
sh601368,绿城水务,20.28
sh601369,陕鼓动力,9.29
sh601377,兴业证券,12.02
sh601388,怡球资源,23.33
sh601390,中国中铁,12.48
sh601398,工商银行,4.64
sh601515,东风股份,15.64
sh601518,吉林高速,5.09
sh601519,大智慧,14.53
sh601555,东吴证券,17.01
sh601558,华锐风电,4.49
sh601566,九牧王,20.78
sh601567,三星医疗,16.12
sh601579,会稽山,13.45
sh601588,北辰实业,5.34
sh601599,鹿港科技,23.88
sh601600,中国铝业,5.22
sh601601,中国太保,26.96
sh601607,上海医药,19.80
sh601608,中信重工,8.58
sh601616,广电电气,7.30
sh601618,中国中冶,7.79
sh601628,中国人寿,28.15
sh601633,长城汽车,13.65
sh601636,旗滨集团,6.01
sh601666,平煤股份,5.01
sh601668,中国建筑,6.66
sh601669,中国电建,9.09
sh601677,明泰铝业,14.72
sh601678,滨化股份,7.97
sh601688,华泰证券,20.70
sh601689,拓普集团,23.80
sh601699,潞安环能,6.58
sh601700,风范股份,10.37
sh601717,郑煤机,7.37
sh601718,际华集团,14.30
sh601727,上海电气,11.23
sh601766,中国中车,14.68
sh601777,力帆股份,15.38
sh601788,光大证券,24.94
sh601789,宁波建工,11.87
sh601798,蓝科高新,13.70
sh601799,星宇股份,33.46
sh601800,中国交建,16.05
sh601801,皖新传媒,31.36
sh601808,中海油服,17.32
sh601818,光大银行,4.41
sh601857,中国石油,8.91
sh601866,中海集运,8.73
sh601872,招商轮船,7.84
sh601877,正泰电器,30.02
sh601880,大连港,6.95
sh601886,江河创建,12.43
sh601888,中国国旅,52.98
sh601890,亚星锚链,13.73
sh601898,中煤能源,6.48
sh601899,紫金矿业,3.66
sh601901,方正证券,10.42
sh601908,京运通,9.23
sh601918,国投新集,11.43
sh601919,中国远洋,11.63
sh601928,凤凰传媒,17.34
sh601929,吉视传媒,7.08
sh601933,永辉超市,10.51
sh601939,建设银行,5.72
sh601958,金钼股份,8.65
sh601965,中国汽研,10.04
sh601968,宝钢包装,15.44
sh601969,海南矿业,15.72
sh601985,中国核电,10.35
sh601988,中国银行,4.04
sh601989,中国重工,10.85
sh601991,大唐发电,5.59
sh601992,金隅股份,10.10
sh601996,丰林集团,10.13
sh601998,中信银行,7.56
sh601999,出版传媒,13.21
sh603000,人民网,22.66
sh603001,奥康国际,32.53
sh603002,宏昌电子,12.56
sh603003,龙宇燃油,22.59
sh603005,晶方科技,46.82
sh603006,联明股份,51.35
sh603008,喜临门,22.68
sh603009,北特科技,37.89
sh603010,万盛股份,44.38
sh603011,合锻股份,26.40
sh603012,创力集团,27.08
sh603015,弘讯科技,35.91
sh603017,中衡设计,48.88
sh603018,设计股份,83.31
sh603019,中科曙光,99.24
sh603020,爱普股份,59.84
sh603021,山东华鹏,50.51
sh603022,新通联,52.22
sh603023,威帝股份,37.27
sh603025,大豪科技,48.28
sh603026,石大胜华,28.40
sh603030,全筑股份,36.13
sh603066,音飞储存,56.72
sh603077,和邦生物,8.21
sh603085,天成自控,49.98
sh603088,宁波精达,61.84
sh603099,长白山,23.36
sh603100,川仪股份,19.81
sh603108,润达医疗,98.08
sh603111,康尼机电,33.36
sh603116,红蜻蜓,34.62
sh603117,万林股份,30.20
sh603118,共进股份,48.14
sh603123,翠微股份,11.39
sh603126,中材节能,16.98
sh603128,华贸物流,11.51
sh603158,腾龙股份,59.15
sh603166,福达股份,30.20
sh603167,渤海轮渡,12.55
sh603168,莎普爱思,57.45
sh603169,兰石重装,19.94
sh603188,亚邦股份,23.65
sh603198,迎驾贡酒,33.42
sh603199,九华旅游,52.21
sh603222,济民制药,35.99
sh603223,恒通股份,41.95
sh603227,雪峰科技,31.15
sh603268,松发股份,61.23
sh603288,海天味业,34.44
sh603300,华铁科技,31.69
sh603306,华懋科技,43.15
sh603308,应流股份,25.24
sh603309,维力医疗,42.31
sh603311,金海环境,32.22
sh603315,福鞍股份,50.90
sh603318,派思股份,42.66
sh603328,依顿电子,33.22
sh603333,明星电缆,10.06
sh603338,浙江鼎力,59.48
sh603355,莱克电气,51.14
sh603366,日出东方,11.11
sh603368,柳州医药,104.01
sh603369,今世缘,37.27
sh603399,新华龙,13.52
sh603456,九洲药业,68.06
sh603518,维格娜丝,35.88
sh603519,立霸股份,54.79
sh603555,贵人鸟,38.49
sh603558,健盛集团,23.23
sh603566,普莱柯,57.19
sh603567,珍宝岛,61.50
sh603568,伟明环保,61.37
sh603588,高能环境,81.99
sh603589,口子窖,40.57
sh603598,引力传媒,61.42
sh603599,广信股份,53.11
sh603600,永艺股份,93.47
sh603601,再升科技,44.42
sh603606,东方电缆,21.57
sh603609,禾丰牧业,14.60
sh603611,诺力股份,35.34
sh603616,韩建河山,41.52
sh603618,杭电股份,31.50
sh603636,南威软件,109.24
sh603669,灵康药业,36.47
sh603678,火炬电子,95.46
sh603686,龙马环卫,45.04
sh603688,石英股份,23.87
sh603698,航天工程,39.45
sh603699,纽威股份,22.38
sh603703,盛洋科技,74.60
sh603718,海利生物,51.30
sh603729,龙韵股份,112.31
sh603766,隆鑫通用,21.42
sh603788,宁波高发,39.44
sh603789,星光农机,45.95
sh603799,华友钴业,26.59
sh603806,福斯特,45.14
sh603808,歌力思,52.74
sh603818,曲美家居,22.54
sh603828,柯利达,34.80
sh603838,四通股份,40.02
sh603869,北部湾旅,25.76
sh603883,老百姓,67.16
sh603885,吉祥航空,75.89
sh603889,新澳股份,31.25
sh603898,好莱客,37.14
sh603899,晨光文具,41.98
sh603901,永创智能,33.36
sh603918,金桥信息,92.54
sh603939,益丰药房,45.85
sh603968,醋化股份,32.00
sh603969,银龙股份,20.13
sh603979,金诚信,33.53
sh603988,中电电机,50.25
sh603989,艾华集团,40.22
sh603993,洛阳钼业,5.43
sh603997,继峰股份,29.32
sh603998,方盛制药,45.77
sz150008,瑞和小康,1.117
sz150009,瑞和远见,1.092
sz150012,中证100A,1.170
sz150013,中证100B,1.541
sz150016,合润A,2.497
sz150017,合润B,3.394
sz150018,银华稳进,0.956
sz150019,银华锐进,1.211
sz150020,汇利A,0.969
sz150021,汇利B,1.015
sz150022,深成指A,0.880
sz150023,深成指B,0.641
sz150027,添利B,1.439
sz150028,中证500A,0.975
sz150029,中证500B,1.670
sz150030,中证90A,1.003
sz150031,中证90B,1.380
sz150032,多利优先,1.034
sz150033,多利进取,1.047
sz150034,聚利A,1.199
sz150035,聚利B,2.124
sz150036,建信稳健,1.129
sz150037,建信进取,1.670
sz150039,鼎利A,0.000
sz150040,鼎利B,1.712
sz150042,利鑫B,1.593
sz150047,消费A,1.355
sz150048,消费B,1.571
sz150049,消费收益,0.945
sz150050,消费进取,1.305
sz150051,沪深300A,0.943
sz150052,沪深300B,0.670
sz150053,泰达500A,0.992
sz150054,泰达500B,1.080
sz150055,500A,1.023
sz150056,500B,2.054
sz150057,中小300A,1.068
sz150058,中小300B,1.549
sz150059,资源A级,1.053
sz150060,资源B级,1.238
sz150064,同瑞A,0.962
sz150065,同瑞B,1.430
sz150066,互利A,0.907
sz150067,互利B,1.329
sz150073,诺安稳健,0.968
sz150075,诺安进取,1.764
sz150076,浙商稳健,0.968
sz150077,浙商进取,1.649
sz150083,深证100A,1.015
sz150084,深证100B,1.315
sz150085,中小板A,1.029
sz150086,中小板B,1.585
sz150088,金鹰500A,0.995
sz150089,金鹰500B,1.663
sz150090,成长A,0.969
sz150091,成长B,1.678
sz150092,诺德300A,0.929
sz150093,诺德300B,1.563
sz150094,泰信400A,0.979
sz150095,泰信400B,0.895
sz150096,商品A,1.123
sz150097,商品B,0.938
sz150100,资源A,1.020
sz150101,资源B,1.416
sz150102,利众B,1.327
sz150104,HS300A,1.053
sz150105,HS300B,1.717
sz150106,中小A,1.160
sz150107,中小B,1.429
sz150108,同辉100A,1.160
sz150109,同辉100B,1.299
sz150112,深100A,0.967
sz150113,深100B,1.838
sz150114,惠裕B,1.237
sz150117,房地产A,1.026
sz150118,房地产B,0.761
sz150120,鼎利进取,1.194
sz150121,银河优先,0.996
sz150122,银河进取,1.608
sz150123,建信50A,1.141
sz150124,建信50B,1.508
sz150128,工银增B,1.174
sz150129,丰利债B,0.000
sz150130,医药A,1.033
sz150131,医药B,0.817
sz150133,德信A,1.010
sz150134,德信B,1.141
sz150135,国富100A,1.015
sz150136,国富100B,0.764
sz150138,中证800A,0.962
sz150139,中证800B,1.375
sz150140,国金300A,0.994
sz150141,国金300B,0.995
sz150142,互利债B,1.411
sz150143,转债A级,0.920
sz150144,转债B级,1.759
sz150145,高贝塔A,0.979
sz150146,高贝塔B,0.915
sz150147,同利B,2.960
sz150148,医药800A,0.980
sz150149,医药800B,0.784
sz150150,有色800A,0.985
sz150151,有色800B,1.109
sz150152,创业板A,0.997
sz150153,创业板B,1.688
sz150154,惠丰B,1.016
sz150156,中银互B,1.007
sz150157,金融A,0.993
sz150158,金融B,1.057
sz150160,通福B,1.457
sz150161,惠鑫B,0.000
sz150164,可转债A,0.932
sz150165,可转债B,0.984
sz150167,银华300A,0.993
sz150168,银华300B,0.985
sz150169,恒生A,0.951
sz150170,恒生B,0.983
sz150171,证券A,0.919
sz150172,证券B,1.924
sz150173,TMT中证A,0.929
sz150174,TMT中证B,1.295
sz150175,H股A,0.955
sz150176,H股B,0.918
sz150177,证保A,0.920
sz150178,证保B,1.881
sz150179,信息A,0.928
sz150180,信息B,1.903
sz150181,军工A,0.935
sz150182,军工B,1.000
sz150184,环保A,0.928
sz150185,环保B,1.421
sz150186,军工A级,0.943
sz150187,军工B级,1.622
sz150188,转债优先,1.015
sz150189,转债进取,1.339
sz150190,NCF环保A,1.061
sz150191,NCF环保B,1.680
sz150192,地产A,0.930
sz150193,地产B,1.358
sz150194,互联网A,0.940
sz150195,互联网B,1.085
sz150196,有色A,1.042
sz150197,有色B,1.173
sz150198,食品A,1.020
sz150199,食品B,0.582
sz150200,券商A,0.909
sz150201,券商B,1.109
sz150203,传媒A,0.939
sz150204,传媒B,2.058
sz150205,国防A,0.918
sz150206,国防B,1.125
sz150207,地产A端,0.942
sz150208,地产B端,0.714
sz150209,国企改A,0.926
sz150210,国企改B,1.230
sz150211,新能车A,0.996
sz150212,新能车B,1.095
sz150213,成长A级,0.988
sz150214,成长B级,0.898
sz150215,TMTA,0.943
sz150216,TMTB,1.868
sz150217,新能源A,0.935
sz150218,新能源B,1.970
sz150219,健康A,1.243
sz150220,健康B,1.139
sz150221,中航军A,1.215
sz150222,中航军B,1.470
sz150223,证券A级,1.115
sz150224,证券B级,1.587
sz150225,证保A级,0.961
sz150226,证保B级,1.660
sz150227,银行A,0.913
sz150228,银行B,0.830
sz150229,酒A,0.938
sz150230,酒B,0.764
sz150231,电子A,0.961
sz150232,电子B,0.590
sz150233,传媒业A,0.926
sz150234,传媒业B,1.501
sz150235,券商A级,0.924
sz150236,券商B级,0.593
sz150237,环保A级,0.922
sz150238,环保B级,1.715
sz150241,银行A级,0.933
sz150242,银行B级,0.944
sz150243,创业A,0.940
sz150244,创业B,0.726
sz150245,互联A,0.923
sz150246,互联B,1.935
sz150247,传媒A级,1.018
sz150248,传媒B级,1.216
sz150249,银行A端,0.929
sz150250,银行B端,0.850
sz150251,煤炭A,0.928
sz150252,煤炭B,1.135
sz150255,银行业A,0.929
sz150256,银行业B,0.767
sz150257,生物A,0.929
sz150258,生物B,1.560
sz150259,重组A,0.928
sz150260,重组B,1.510
sz150261,医疗A,1.038
sz150262,医疗B,0.888
sz150263,1000A,1.115
sz150264,1000B,0.957
sz150265,一带A,1.006
sz150266,一带B,0.868
sz150267,银行A类,0.972
sz150268,银行B类,0.814
sz150269,白酒A,0.932
sz150270,白酒B,0.714
sz150271,生物药A,0.926
sz150272,生物药B,1.497
sz150273,带路A,0.926
sz150274,带路B,1.063
sz150275,一带一A,0.928
sz150276,一带一B,1.048
sz150277,高铁A,0.928
sz150278,高铁B,1.291
sz150279,新能A,0.933
sz150280,新能B,1.245
sz150281,金融地A,0.973
sz150282,金融地B,0.656
sz150283,SW医药A,0.932
sz150284,SW医药B,1.091
sz150287,钢铁A,1.008
sz150288,钢铁B,0.945
sz150289,煤炭A级,1.010
sz150290,煤炭B级,0.565
sz150291,银行A份,1.013
sz150292,银行B份,0.684
sz150293,高铁A级,1.008
sz150294,高铁B级,1.825
sz150295,改革A,1.018
sz150296,改革B,1.147
sz150297,互联A级,1.025
sz150298,互联B级,0.911
sz150299,银行股A,1.012
sz150300,银行股B,0.639
sz150301,证券股A,1.007
sz150302,证券股B,1.811
sz150303,创业股A,1.012
sz150304,创业股B,0.365
sz150305,养老A,0.930
sz150306,养老B,1.007
sz150307,体育A,0.940
sz150308,体育B,1.150
sz150309,信息安A,0.922
sz150310,信息安B,1.566
sz150311,智能A,0.940
sz150312,智能B,1.561
sz150315,工业4A,0.931
sz150316,工业4B,1.660
sz150317,E金融A,1.012
sz150318,E金融B,0.840
sz150321,煤炭A基,1.177
sz150322,煤炭B基,1.082
sz150323,环保A端,1.013
sz150324,环保B端,0.948
sz150325,高铁A端,1.009
sz150326,高铁B端,0.663
sz150327,新能A级,1.012
sz150328,新能B级,0.859
sz150329,保险A,0.921
sz150330,保险B,1.108
sz150331,网金融A,1.152
sz150332,网金融B,1.012
sz150335,军工股A,1.101
sz150336,军工股B,1.166
sz150343,证券A基,1.005
sz150344,证券B基,0.912
sz160105,南方积配,1.584
sz160106,南方高增,2.242
sz160119,南方500,1.821
sz160123,南方50债,1.196
sz160125,南方香港,0.917
sz160128,南方金利,1.058
sz160130,南方永利,0.948
sz160131,南方聚利,1.055
sz160133,南方天元,1.935
sz160211,国泰小盘,2.495
sz160212,国泰估值,2.004
sz160215,国泰价值,1.735
sz160216,国泰商品,0.478
sz160220,国泰民益,1.288
sz160311,华夏蓝筹,1.430
sz160314,华夏行业,1.470
sz160415,华安S300,1.461
sz160416,华安石油,0.839
sz160505,博时主题,3.092
sz160512,博时卓越,2.261
sz160513,稳健债A,1.399
sz160515,安丰18,1.206
sz160607,鹏华价值,1.265
sz160610,鹏华动力,1.479
sz160611,鹏华治理,1.036
sz160613,鹏华创新,0.000
sz160615,鹏华300,1.390
sz160616,鹏华500,1.496
sz160618,鹏华丰泽,1.126
sz160621,鹏华丰和,1.120
sz160706,嘉实 300,1.033
sz160716,嘉实50,1.141
sz160717,恒生H股,0.716
sz160719,嘉实黄金,0.595
sz160720,中期企债,1.136
sz160805,长盛同智,1.300
sz160806,长盛同庆,1.420
sz160807,长盛300,1.228
sz160810,长盛同丰,1.146
sz160812,长盛同益,1.688
sz160813,长盛同盛,1.064
sz160910,大成创新,1.157
sz160915,大成景丰,0.000
sz160916,优选LOF,2.251
sz160918,大成小盘,2.215
sz160919,大成产业,1.515